username,register_date,device_os
zgarza,2023-03-25 01:19:24,Android 2.3.5
emilyalvarez,2022-12-26 02:58:41,Android 6.0.1
alexanderzachary,2022-12-24 05:22:48,Android 3.2.1
utaylor,2023-01-20 09:00:37,Android 1.1
becky79,2023-02-19 07:47:55,Android 2.0.1
sherry28,2022-12-25 01:59:09,Android 3.2
bookerpatrick,2023-01-10 12:54:48,Android 2.3.2
icole,2023-01-09 08:30:25,Android 5.0
qcobb,2023-03-29 04:47:09,Android 7.1
wrhodes,2023-02-28 19:45:33,Android 4.1.1
dennis69,2023-01-11 20:23:13,Android 4.4.3
prattryan,2023-04-07 07:52:13,Android 4.4
robert08,2023-01-22 19:06:20,Android 3.2.1
escobarjesse,2023-03-14 20:28:22,Android 5.1
marvin41,2023-03-03 22:59:30,Android 4.0.4
clarkeric,2023-03-10 10:58:55,Android 4.0
jayhoward,2023-01-30 04:25:14,Android 2.2
stephanie29,2023-02-17 21:42:21,Android 2.3.4
stacysmith,2023-04-03 10:38:02,Android 3.2.4
barbermichael,2023-02-26 14:24:59,Android 4.1.2
fthomas,2022-12-14 08:08:20,Android 2.3.6
gonzalezcynthia,2023-03-08 18:42:35,Android 4.4.2
julia57,2022-12-21 17:35:53,Android 3.0
robertsharp,2023-04-06 10:21:30,Android 2.3
frankdanielle,2023-01-30 05:30:49,Android 4.0.1
jenniferrogers,2023-01-20 15:00:05,Android 2.2.2
michael68,2023-01-07 06:16:03,Android 10
shannonthompson,2022-12-25 21:51:06,Android 6.0.1
jadams,2023-01-20 11:10:36,Android 2.1
michelle32,2023-02-01 04:37:50,Android 6.0
meghan06,2023-01-13 02:45:30,Android 2.2.2
andersonriley,2022-12-27 21:56:01,Android 2.3.5
ivan36,2023-03-20 00:06:15,Android 7.1.1
wtaylor,2023-01-23 19:54:41,Android 3.2.3
christopher04,2022-12-26 17:57:45,Android 4.1.2
james96,2023-02-02 12:28:10,Android 3.1
matthewsjennifer,2023-04-07 17:06:21,Android 4.2
jamesharris,2023-01-15 04:57:22,Android 5.1
karen96,2023-01-31 20:02:13,Android 3.2.6
dhaynes,2023-03-23 13:59:09,Android 3.2.3
johnyoung,2023-01-03 21:26:30,Android 11
padillaphillip,2023-02-15 19:43:09,Android 7.1.2
suttonmitchell,2022-12-20 19:09:28,Android 2.2.1
qwilliamson,2022-12-22 09:57:22,Android 5.1
fmckenzie,2022-12-13 22:01:00,Android 4.4.4
pcox,2022-12-23 21:07:25,Android 4.3.1
morenocraig,2022-12-18 02:29:31,Android 1.1
smithalexander,2022-12-14 12:15:15,Android 8.1.0
alexandriajimenez,2023-01-21 07:23:01,Android 11
millerwendy,2022-12-23 00:52:03,Android 3.2.5
vespinoza,2023-03-20 18:38:58,Android 3.2.2
alexasteele,2023-02-05 03:05:43,Android 3.2.2
chelsea78,2023-04-05 23:59:24,Android 9
shariscott,2023-02-03 21:25:24,Android 5.0
yhawkins,2023-01-17 17:05:12,Android 4.3
adamlogan,2023-01-10 09:51:29,Android 2.2.1
justin65,2023-04-09 04:12:41,Android 6.0
eric10,2023-03-25 17:07:13,Android 5.0.2
kellythompson,2023-02-14 07:52:55,Android 6.0
leslie28,2023-01-02 16:10:48,Android 2.3.5
ikelly,2023-01-10 03:46:35,Android 9
romeromichael,2023-02-02 10:52:41,Android 4.2
xgill,2023-02-22 04:24:56,Android 9
robertsshannon,2023-01-28 16:03:48,Android 2.3.3
jade02,2023-02-03 20:13:19,Android 3.2.4
lellis,2023-01-12 11:09:30,Android 2.0.1
zcastro,2022-12-09 07:00:11,Android 2.3.3
luceromolly,2022-12-21 20:44:59,Android 5.0.1
jessicamitchell,2023-02-18 15:17:31,Android 10
markyoung,2023-02-07 01:11:13,Android 2.3.3
holtrobert,2023-01-19 05:12:20,Android 7.1.2
stephen91,2023-03-11 17:31:06,Android 4.0.3
jessicadavis,2023-04-08 19:39:31,Android 7.1.2
justinthompson,2023-03-11 09:20:08,Android 4.3
cookashley,2023-04-05 14:30:44,Android 6.0.1
taraduran,2022-12-13 22:17:23,Android 7.1.1
shane16,2023-01-02 16:53:42,Android 1.1
nicole39,2023-01-17 03:19:37,Android 3.2.3
jamie25,2023-02-01 00:53:30,Android 6.0.1
iwu,2023-03-20 11:49:12,Android 4.2.1
walkerbarbara,2022-12-28 02:47:10,Android 1.1
wcallahan,2023-02-23 03:14:57,Android 2.3.7
michellesanders,2023-01-22 19:06:24,Android 3.2.1
walkersara,2023-03-20 00:31:17,Android 4.1.1
lawrence20,2023-01-02 20:31:51,Android 2.3.6
fparker,2023-01-29 04:48:48,Android 2.2
danielle90,2023-01-07 07:21:27,Android 4.2.2
melissa10,2022-12-11 07:38:16,Android 7.1.1
lknapp,2023-02-17 14:26:20,Android 2.2.1
hoganjennifer,2023-04-07 21:19:24,Android 4.4.3
isaacevans,2022-12-12 03:14:20,Android 2.3
vargaschristina,2023-03-26 07:05:55,Android 5.0.2
ocardenas,2023-03-14 11:55:14,Android 4.1.1
davisgerald,2023-03-26 07:17:54,Android 10
sbrowning,2023-02-17 17:08:03,Android 4.4.1
zmccullough,2023-01-22 02:10:34,Android 2.3.4
jacksonashley,2023-01-31 16:39:34,Android 4.2.1
laurie97,2023-03-04 23:59:39,Android 7.1.1
tinamoore,2023-01-28 22:22:49,Android 8.1.0
johnsonelaine,2022-12-15 00:37:11,Android 5.0.2
veronicajones,2023-03-19 01:01:07,Android 2.2.3
moonmary,2023-01-10 20:21:16,Android 7.1.2
vanessa81,2023-03-26 00:21:33,Android 2.0
kimberlyduncan,2022-12-29 22:46:59,Android 4.2.1
amymaldonado,2022-12-15 17:45:46,Android 7.1
benjaminjames,2023-03-15 12:32:54,Android 1.6
francis95,2023-02-02 00:07:50,Android 3.1
heather97,2023-02-19 09:22:29,Android 2.0
cadams,2023-03-05 12:08:09,Android 4.4
marcmoore,2023-02-21 18:38:27,Android 5.0
grantfrederick,2023-01-22 23:10:38,Android 2.2
marymoore,2023-02-28 09:11:43,Android 3.2.2
matthewmartin,2022-12-23 16:38:21,Android 2.0.1
sanchezlisa,2023-02-26 23:26:51,Android 3.2
qclarke,2023-03-23 02:12:28,Android 4.1.2
youngtravis,2023-02-07 18:37:16,Android 9
shawmichael,2023-02-23 10:08:35,Android 4.1.1
george28,2022-12-20 17:13:13,Android 2.2.1
elewis,2023-01-10 16:00:40,Android 1.6
zmaldonado,2023-03-21 18:30:22,Android 4.2
smithbobby,2023-02-26 13:24:28,Android 1.1
tcook,2023-01-11 21:33:46,Android 1.0
xferguson,2023-02-02 18:20:01,Android 4.1.1
zhernandez,2023-02-25 01:35:18,Android 6.0.1
darlenebradley,2023-01-07 16:38:21,Android 2.2.3
uwarren,2023-02-28 13:36:44,Android 4.4
uhoward,2023-03-08 18:53:54,Android 3.2.5
sreed,2023-03-21 19:53:29,Android 1.6
catherine85,2023-01-10 18:25:43,Android 4.1
jessicahoffman,2022-12-29 05:51:22,Android 4.3
barrettmatthew,2023-03-11 01:00:47,Android 2.1
campbellmichael,2023-02-18 07:26:31,Android 7.1.1
mirandarebecca,2023-02-22 16:46:48,Android 4.4.4
april83,2022-12-30 08:50:36,Android 4.1.2
bwilliams,2022-12-11 23:23:33,Android 5.1.1
stevenbryant,2023-01-22 03:58:13,Android 2.3.7
nnunez,2023-01-31 09:55:33,Android 5.1.1
campbellkyle,2023-04-05 20:50:40,Android 2.2.1
kelly72,2023-02-08 19:38:51,Android 3.2.1
zhoward,2023-03-10 13:35:57,Android 4.0.4
jgonzales,2023-02-11 00:21:10,Android 7.1.1
brittney72,2023-03-31 23:21:53,Android 3.2.4
lance77,2023-03-11 16:00:33,Android 1.6
rebecca96,2023-03-27 08:03:39,Android 3.2.4
dyoung,2022-12-17 07:08:26,Android 2.2.2
espinozaerin,2023-04-08 19:43:10,Android 4.0
benjamin20,2023-03-02 21:57:11,Android 7.1.1
rdean,2023-01-21 06:36:47,Android 4.4.2
dannylogan,2023-01-04 03:53:05,Android 4.1.2
jenniferhall,2023-01-03 01:54:04,Android 6.0.1
jennyfowler,2023-02-12 21:23:40,Android 4.1
lanestanley,2023-03-28 11:07:44,Android 2.3.1
melissamartinez,2023-04-08 05:57:06,Android 3.2.3
feliciasantiago,2023-01-12 05:14:32,Android 8.0.0
ggreen,2023-03-29 12:14:51,Android 1.0
ejohnson,2023-03-01 22:04:11,Android 2.1
annascott,2023-04-07 00:34:48,Android 3.0
lfarrell,2023-01-25 18:46:27,Android 2.2.1
warrenlisa,2023-03-14 23:38:41,Android 4.0
leenatalie,2023-01-24 23:45:32,Android 4.0.2
marquezanna,2023-02-03 08:43:55,Android 2.2.1
dana26,2023-03-07 14:18:34,Android 2.3.3
antonio12,2023-03-20 03:41:58,Android 4.4.1
omaddox,2023-02-20 12:14:25,Android 1.5
knewton,2022-12-23 00:13:40,Android 2.3.6
john34,2023-02-21 03:11:57,Android 4.0
sandra76,2023-01-01 17:00:34,Android 2.3.2
hunterjason,2023-02-08 10:48:44,Android 4.1.1
vhamilton,2023-02-26 12:37:25,Android 5.0.1
racheljohnson,2023-01-01 14:20:42,Android 2.3.1
taralambert,2023-02-18 14:10:04,Android 4.1.2
shannon37,2023-03-17 21:28:01,Android 3.0
patrick72,2022-12-23 14:52:41,Android 5.0.2
kmartinez,2023-01-03 10:26:33,Android 8.1.0
williamsjames,2023-02-21 17:00:10,Android 2.3.7
ebuchanan,2022-12-17 01:28:25,Android 4.2.1
dominicdelgado,2023-01-14 02:58:28,Android 3.2.3
tuckerstephen,2023-02-07 13:43:48,Android 2.3.6
dorothy99,2023-02-13 05:55:12,Android 5.0
kelly32,2022-12-23 20:37:41,Android 4.4.1
bethwalton,2023-01-24 19:10:43,Android 2.0.1
larry70,2023-04-06 14:25:14,Android 2.2.2
travischarles,2023-04-02 06:46:08,Android 2.3.2
pwilliams,2023-01-12 08:58:54,Android 7.0
kmedina,2023-02-03 10:19:26,Android 4.4.3
moorebilly,2023-01-06 01:52:11,Android 1.1
kaitlynmata,2023-02-23 15:15:08,Android 6.0.1
dawn93,2022-12-21 12:44:40,Android 5.1.1
freynolds,2023-02-22 07:38:10,Android 4.4
aparker,2023-03-25 14:51:15,Android 5.0
ryankelly,2023-01-13 10:01:52,Android 4.3.1
darrenfoster,2023-01-14 01:47:58,Android 6.0
lorraine15,2022-12-26 10:11:47,Android 5.1.1
tyronealexander,2022-12-22 20:53:08,Android 7.1.2
robertcooper,2023-03-26 11:07:54,Android 5.1.1
ebrady,2023-02-19 23:50:35,Android 7.0
amber12,2023-03-23 00:20:34,Android 4.2.1
jonesrobert,2022-12-25 14:27:48,Android 5.1
grimeskristin,2023-01-21 03:20:40,Android 4.0.3
sarahkelly,2023-03-27 00:06:41,Android 2.2.1
craig03,2023-01-17 09:06:00,Android 11
ohaney,2023-02-22 09:45:32,Android 2.0
lopezconnor,2023-01-30 04:02:59,Android 4.3.1
garciakaren,2023-03-05 04:15:51,Android 3.2.6
barneschristopher,2023-01-15 09:25:34,Android 4.3.1
scott37,2023-02-24 13:25:10,Android 1.1
sarahdillon,2023-01-08 21:48:21,Android 1.5
baxtertiffany,2023-02-28 16:41:19,Android 3.2.5
apowers,2023-02-22 01:11:28,Android 4.0.3
thomasraymond,2022-12-19 22:33:40,Android 4.3
vgross,2023-01-17 00:35:54,Android 5.0.1
opoole,2023-01-06 17:50:56,Android 8.0.0
karamaldonado,2023-01-04 22:56:47,Android 4.0.4
taylorjason,2023-03-22 17:43:10,Android 4.2.2
jonesnatalie,2022-12-30 20:06:00,Android 7.1.1
vmarshall,2023-01-02 04:12:19,Android 8.0.0
lroberson,2022-12-24 21:08:43,Android 4.0.3
guywalker,2022-12-10 17:25:31,Android 2.3
angelamorton,2023-01-17 06:34:20,Android 2.2.2
tnolan,2022-12-22 08:40:57,Android 2.3.4
yevans,2023-01-31 08:33:09,Android 2.1
hgibson,2023-03-16 00:33:11,Android 2.2.1
colemancasey,2023-03-19 06:55:35,Android 4.4.1
harringtonpaul,2023-02-03 10:17:51,Android 4.4.4
tracy44,2022-12-11 15:58:40,Android 7.1
alexanderharvey,2023-04-09 09:58:47,Android 4.1.2
garciashane,2023-03-29 15:25:16,Android 11
mollybean,2023-02-05 01:44:19,Android 3.2
yscott,2022-12-28 13:48:20,Android 4.4
tracibrewer,2022-12-10 09:49:48,Android 2.3.4
davislinda,2023-01-01 16:03:44,Android 2.2.3
donna94,2023-03-12 08:34:38,Android 3.2.1
mooneyrebecca,2023-03-05 07:17:11,Android 4.0.1
laurasantos,2023-01-29 02:14:03,Android 4.4.4
evan86,2023-02-18 00:00:04,Android 10
leekimberly,2022-12-14 20:25:40,Android 6.0.1
colemandawn,2023-02-21 12:34:09,Android 2.3.5
brownkatherine,2023-02-21 03:13:41,Android 4.0
mlawrence,2023-02-13 11:57:14,Android 2.3.6
john67,2023-01-27 12:37:26,Android 4.2
lbrown,2022-12-13 11:21:48,Android 3.2.3
teresarodriguez,2023-02-04 20:35:35,Android 1.6
christine80,2023-01-29 21:31:28,Android 2.3.5
martinezmelanie,2022-12-25 09:32:54,Android 7.0
matthewbell,2023-03-09 23:55:05,Android 2.3.4
ksanchez,2023-01-29 08:01:32,Android 3.2.4
cordovaderek,2023-03-02 23:48:32,Android 2.3.4
sherryhill,2023-02-09 21:29:32,Android 7.1.1
gramos,2023-01-12 14:26:34,Android 4.1
ftyler,2023-04-09 15:33:13,Android 4.2.2
davidandersen,2023-02-08 16:27:38,Android 4.4.2
ecox,2023-01-08 06:34:25,Android 4.0.4
jimchapman,2023-03-25 03:27:31,Android 4.1
hmassey,2023-03-26 13:39:11,Android 4.4
astevens,2023-02-10 02:14:14,Android 7.0
carpenternathaniel,2023-02-11 04:11:26,Android 4.3.1
wbutler,2023-03-09 04:25:04,Android 1.1
diazzachary,2023-03-18 14:01:03,Android 4.4.4
larrykoch,2022-12-10 01:40:19,Android 4.0.1
gnguyen,2023-03-11 23:12:48,Android 2.3
angelataylor,2023-01-21 08:50:21,Android 2.2
hunter84,2023-03-03 22:47:14,Android 5.0.1
pennytorres,2023-02-11 14:15:47,Android 8.1.0
grantjennifer,2023-01-20 12:21:35,Android 2.0
aclements,2023-02-06 22:01:58,Android 2.2.2
phillipsjennifer,2023-01-22 16:47:35,Android 5.1.1
james76,2023-01-19 06:48:03,Android 2.0.1
mramos,2023-03-28 06:45:22,Android 2.2.2
alison78,2023-03-23 17:18:11,Android 2.2.3
ryanwilliams,2023-03-31 21:15:49,Android 1.0
shawgary,2023-03-14 13:53:07,Android 2.3.4
richard65,2023-01-12 22:19:19,Android 4.1
jodimartinez,2022-12-28 15:34:55,Android 1.6
shaunhensley,2023-02-16 07:47:38,Android 2.3.7
willie27,2023-02-04 18:23:26,Android 5.0.2
wwashington,2023-04-06 14:17:04,Android 2.0.1
jeffrey66,2023-02-01 18:30:40,Android 6.0.1
barryrebecca,2022-12-18 13:08:58,Android 4.4.1
darryldunn,2023-01-14 08:34:20,Android 2.3.5
natalieboyd,2022-12-24 09:36:15,Android 3.2
payneanthony,2022-12-16 12:13:45,Android 4.0.4
kenneth06,2023-03-05 14:31:48,Android 2.0.1
omoore,2023-04-02 00:10:17,Android 5.1
jennifer90,2023-01-08 05:25:35,Android 4.4.1
karl63,2023-01-12 20:40:43,Android 7.1
william46,2022-12-19 22:46:55,Android 4.4
powelledward,2023-01-04 23:10:57,Android 4.2.2
jesseorr,2023-01-02 08:39:39,Android 7.1
davidromero,2023-02-18 06:38:52,Android 4.0.4
inelson,2023-04-04 17:08:54,Android 7.1
ohammond,2023-03-01 11:27:54,Android 4.0.2
kenneth61,2023-01-23 12:45:04,Android 9
oliverrenee,2022-12-17 21:14:22,Android 6.0
spencerheidi,2023-03-12 00:06:18,Android 4.0.3
james13,2023-03-29 04:34:03,Android 6.0.1
reneevargas,2023-02-20 13:16:44,Android 4.1.2
joserodriguez,2023-04-07 14:48:24,Android 2.3.5
charles50,2022-12-20 00:27:38,Android 3.2.1
paul07,2022-12-18 18:09:24,Android 4.2
santoshayley,2023-03-12 05:45:07,Android 2.0.1
brandon90,2022-12-31 16:49:23,Android 3.0
hjacobs,2023-01-23 23:44:45,Android 4.4.4
stephanie56,2022-12-14 13:41:06,Android 2.3.6
tstevens,2023-04-08 00:33:07,Android 4.3
kellykemp,2023-01-15 14:27:25,Android 5.0.2
myersdiana,2023-03-20 20:58:56,Android 5.1
sean03,2023-01-21 18:08:44,Android 4.4.2
michaelsims,2022-12-09 03:22:49,Android 2.1
ashleygonzalez,2023-01-25 11:02:56,Android 4.0.3
wellschristopher,2023-02-16 07:33:45,Android 2.3.2
larryellis,2023-03-10 15:40:10,Android 3.2.2
danielfarley,2023-02-06 05:08:07,Android 2.2.1
aliciagomez,2022-12-13 18:48:33,Android 11
tiffanybrooks,2023-03-23 17:20:54,Android 2.0.1
williambuchanan,2023-01-10 20:37:53,Android 4.0
hlittle,2023-01-27 16:36:39,Android 6.0.1
stephaniediaz,2023-02-23 15:37:46,Android 4.0.1
schmidtheather,2023-02-26 15:18:46,Android 8.0.0
paul28,2023-01-22 07:32:43,Android 3.2
emartin,2023-01-11 17:05:19,Android 4.0.2
james60,2023-02-09 09:12:15,Android 4.1.2
eparrish,2023-01-22 08:09:03,Android 4.4.1
margaret33,2023-02-06 12:29:27,Android 7.1.1
alex87,2023-01-02 01:54:16,Android 2.3.7
xgilbert,2023-02-27 17:05:45,Android 4.3.1
ipena,2023-03-31 02:32:14,Android 4.3.1
rossbarbara,2023-03-15 17:43:37,Android 4.4.4
aaronmaynard,2022-12-14 21:25:35,Android 11
masseydavid,2023-03-21 18:59:22,Android 3.2
annataylor,2023-01-17 09:43:44,Android 3.2.6
teresaking,2023-01-12 11:37:19,Android 3.2.2
ortegakaren,2023-01-23 10:05:40,Android 4.0
ayoung,2023-02-08 00:51:27,Android 4.0.4
carolynsmith,2023-03-04 16:14:42,Android 4.0
markbaird,2022-12-25 19:57:06,Android 2.1
janetanderson,2023-03-16 16:11:00,Android 4.0.1
barbaraperez,2023-04-07 02:01:56,Android 4.4.4
christophergalvan,2023-02-28 08:43:31,Android 9
elizabeth30,2023-02-23 04:09:22,Android 9
michael28,2023-02-11 20:29:42,Android 3.2.5
christopherwilson,2023-03-09 18:55:01,Android 2.3.5
matthew94,2023-02-15 09:40:01,Android 7.1.1
fgarrison,2023-02-19 12:43:52,Android 4.0.1
gomezkimberly,2023-04-05 08:32:32,Android 3.1
hreid,2022-12-12 06:39:57,Android 2.2.2
kevin60,2023-02-03 12:20:33,Android 4.4.3
smithkatie,2023-01-25 02:16:23,Android 3.2.5
crosales,2023-02-19 00:43:33,Android 5.0.2
castillojennifer,2023-04-05 18:30:38,Android 4.3.1
jose99,2023-03-08 17:59:53,Android 4.0
emily65,2023-03-22 17:02:14,Android 2.3.2
john49,2023-04-04 15:15:26,Android 3.2.5
savagerobert,2022-12-14 20:11:29,Android 4.0.2
scott74,2023-04-02 12:49:23,Android 3.0
shelbybrown,2022-12-14 13:17:02,Android 4.4.2
fjones,2023-01-14 04:57:19,Android 1.1
craigedwards,2023-01-04 16:32:56,Android 7.1
angela99,2023-04-02 21:31:02,Android 2.2
caroline06,2023-04-06 11:18:48,Android 4.4.1
ncraig,2023-02-01 12:24:54,Android 1.0
bbuck,2023-01-11 08:18:23,Android 6.0.1
jamesadams,2023-02-20 12:54:03,Android 7.0
dylancarey,2023-04-07 05:07:10,Android 4.0.2
catherinelong,2023-01-20 11:48:35,Android 2.3.6
emilyhowell,2023-01-31 21:17:18,Android 2.3.1
allison78,2023-01-29 10:01:22,Android 2.3.7
pattersonmegan,2023-04-06 18:32:30,Android 4.0.1
christian63,2022-12-11 01:30:37,Android 2.3.5
awilliams,2022-12-15 09:33:49,Android 9
smurphy,2023-03-01 07:26:59,Android 6.0
sophia97,2023-01-17 12:13:30,Android 5.0.1
turnerlatoya,2023-02-20 07:35:36,Android 1.5
kberg,2023-03-11 04:03:00,Android 4.2.2
cruzchristine,2023-04-02 08:55:08,Android 1.6
lnichols,2023-02-01 04:49:22,Android 4.4.1
laurenbell,2023-02-15 15:41:43,Android 7.1.2
idavis,2023-01-18 10:22:21,Android 4.2.1
danielbrock,2023-03-10 20:57:59,Android 3.2.6
bbell,2023-04-02 14:32:48,Android 4.4
eevans,2023-01-17 13:41:28,Android 8.1.0
jessicaherring,2023-03-06 12:59:42,Android 4.2.1
ashleylawrence,2023-01-19 03:50:12,Android 10
jmcintyre,2023-03-31 10:48:48,Android 2.3.2
cbarber,2023-01-11 03:42:09,Android 4.2.2
spencer50,2023-01-21 02:31:38,Android 11
allison47,2023-02-24 14:25:47,Android 4.1.1
patricia15,2023-02-21 23:14:23,Android 2.2.3
andrewsmichelle,2023-01-20 14:03:05,Android 4.3
ashley85,2023-01-27 18:28:31,Android 4.4.3
rushgabriela,2023-02-19 01:59:53,Android 2.0.1
ghumphrey,2023-04-08 12:27:53,Android 7.0
qherrera,2023-03-12 01:45:26,Android 4.4.4
aimeelopez,2023-03-17 03:02:42,Android 10
choward,2022-12-27 20:59:34,Android 1.1
regina07,2022-12-28 14:18:41,Android 2.3.3
loriwilson,2022-12-09 03:51:54,Android 4.0.4
chadevans,2023-03-18 21:21:16,Android 4.2
houstoncaroline,2023-04-01 15:39:29,Android 1.0
mmiller,2023-02-26 21:13:19,Android 4.0
michellemccarthy,2023-03-27 21:33:00,Android 3.2
johncox,2023-03-05 09:03:53,Android 5.0
efoster,2023-03-13 21:12:28,Android 4.2.2
josephmolina,2023-02-07 14:22:38,Android 8.1.0
jacobsmith,2023-03-02 20:07:28,Android 2.2.1
edward39,2023-03-29 21:02:11,Android 3.2.6
fmartin,2023-01-25 01:49:19,Android 2.3.3
hfrank,2023-03-02 13:21:28,Android 8.1.0
toddphillips,2023-03-19 19:40:39,Android 8.0.0
watkinsjared,2023-03-11 04:34:41,Android 3.2.1
garciajames,2022-12-13 23:16:01,Android 5.0
rhammond,2023-02-11 22:55:28,Android 2.2.3
tabitha19,2023-02-10 02:38:36,Android 8.0.0
ycooper,2023-02-28 20:14:39,Android 2.0.1
maryjackson,2022-12-30 01:52:48,Android 4.4.3
mirandamann,2023-02-20 19:46:15,Android 8.1.0
francisjeanette,2023-04-06 06:29:36,Android 4.4
ehart,2023-02-06 20:23:37,Android 2.1
kjohnson,2023-01-02 15:44:13,Android 2.3.1
colebrandon,2023-01-15 05:10:53,Android 4.1.2
bradley99,2023-04-02 04:52:45,Android 2.3.7
mariah35,2023-03-21 12:55:30,Android 4.2
xgonzalez,2023-03-11 05:32:55,Android 2.3.5
xking,2023-02-09 22:12:21,Android 4.2.2
randallanderson,2023-03-07 14:59:07,Android 3.0
mnavarro,2023-03-20 11:37:19,Android 7.1.2
jordanpaul,2023-02-21 16:44:58,Android 7.1.1
joannaparker,2023-03-04 19:42:07,Android 5.1
tylerlaurie,2023-01-14 11:05:51,Android 4.4.1
farmerkatherine,2023-03-29 21:01:39,Android 2.3
uanderson,2023-02-05 15:41:51,Android 2.3.2
jacqueline91,2023-03-18 10:22:20,Android 4.1.2
lmueller,2023-02-18 08:53:42,Android 4.4.4
martinstacy,2023-01-18 09:50:41,Android 10
mccarthyjames,2022-12-27 21:10:47,Android 4.0.3
davisjessica,2023-01-01 02:29:22,Android 2.3.3
uhull,2022-12-31 11:39:32,Android 1.1
fcarter,2023-02-24 03:52:40,Android 7.1
brittany02,2023-03-10 10:44:57,Android 2.0.1
daviswendy,2022-12-18 21:36:10,Android 2.2
margaret56,2023-03-28 20:38:14,Android 4.0.1
silvamisty,2023-02-13 03:54:47,Android 2.3.5
valdezrobert,2023-04-01 20:40:41,Android 2.2
robert86,2022-12-27 13:37:09,Android 4.1.1
bensonmichael,2023-01-01 16:42:12,Android 3.2.6
wrobinson,2023-03-14 14:21:27,Android 6.0
charles22,2023-03-04 07:10:51,Android 7.0
bowmanmatthew,2023-03-19 18:44:39,Android 2.3.6
amullins,2022-12-30 12:31:25,Android 4.0.3
marvin99,2023-01-09 09:26:03,Android 2.3
lisawatson,2023-03-04 08:25:38,Android 2.0
zmiller,2023-03-16 19:48:12,Android 6.0
wbrandt,2023-02-21 18:13:55,Android 1.0
steve39,2023-04-06 20:31:24,Android 3.2.6
michaelcarter,2023-01-04 06:09:02,Android 4.2.2
roblesjoseph,2023-03-24 15:00:21,Android 6.0.1
qmcdonald,2022-12-14 13:59:17,Android 3.2.3
mnichols,2023-01-05 03:24:28,Android 8.1.0
smithtracy,2023-01-25 18:12:12,Android 4.3
gboyer,2023-03-22 00:40:59,Android 8.1.0
fernandogarza,2023-02-13 14:31:50,Android 10
michele39,2023-01-26 15:21:20,Android 3.2.2
jenniferallen,2023-01-14 08:28:11,Android 3.0
tracyharris,2023-01-03 15:24:39,Android 4.1.2
wrightbarbara,2023-01-18 03:58:16,Android 2.1
brendasharp,2023-02-20 14:37:18,Android 7.0
christopher53,2023-03-27 01:24:38,Android 7.0
erikarice,2023-01-18 02:28:10,Android 4.0.2
melissa96,2023-03-05 07:10:13,Android 3.0
christina36,2023-02-24 07:19:32,Android 1.5
veronicaadams,2023-03-13 19:24:27,Android 5.1
pamela39,2023-03-28 17:40:03,Android 4.4.2
vbray,2023-01-29 05:10:31,Android 9
prodriguez,2023-04-03 20:49:58,Android 10
cwest,2023-03-29 19:46:03,Android 3.0
roseyoung,2022-12-11 21:29:12,Android 3.0
olsonchristina,2022-12-23 11:29:36,Android 9
jill60,2023-01-25 11:20:05,Android 5.0.2
rodriguezmark,2023-02-28 04:53:41,Android 5.1
fischerdavid,2023-04-06 01:28:53,Android 2.0.1
vkaiser,2023-03-10 21:43:33,Android 4.4.4
qbond,2022-12-14 00:48:00,Android 4.0.4
natalie47,2022-12-17 18:02:32,Android 2.0.1
burkejessica,2023-02-17 07:51:20,Android 3.1
dixonsarah,2023-03-18 14:23:38,Android 1.5
thomasgregory,2023-02-27 20:01:46,Android 2.1
carolyn05,2023-01-28 02:39:33,Android 4.4.1
melissa63,2022-12-24 08:06:35,Android 3.2.1
shirleyschmidt,2023-01-15 13:25:01,Android 4.2
qstanley,2023-01-30 11:22:39,Android 3.0
jason01,2023-03-06 22:40:17,Android 9
alexisward,2023-03-29 16:43:59,Android 6.0
mckenziejoseph,2023-02-07 08:51:42,Android 3.2
christinakim,2023-02-23 01:47:11,Android 4.2.2
regina51,2023-01-31 12:33:35,Android 3.2.5
zgilbert,2023-04-02 13:02:33,Android 2.0
shawn07,2022-12-27 12:08:47,Android 2.0
susancamacho,2023-02-17 23:31:51,Android 4.1
charles56,2023-03-25 12:43:41,Android 4.4.3
mark07,2022-12-19 15:23:01,Android 2.3.4
pharding,2022-12-12 10:50:32,Android 1.0
benjamin18,2023-03-01 22:21:22,Android 5.0.1
abigail49,2023-03-24 04:18:08,Android 4.4.3
julia95,2023-01-06 12:11:27,Android 2.3
madison17,2023-01-06 13:03:42,Android 4.2
blackmatthew,2023-02-04 10:27:40,Android 3.0
weeksjanice,2023-01-28 22:38:38,Android 4.0.1
pattersonmarilyn,2022-12-28 04:56:54,Android 2.3.2
mhowell,2023-01-21 01:32:51,Android 4.1.2
bnunez,2023-03-29 02:47:45,Android 4.1.1
edwardcain,2022-12-28 14:07:19,Android 3.0
christopherfernandez,2022-12-12 01:26:42,Android 6.0.1
jholland,2023-01-29 03:10:14,Android 4.0
jeffreyaguirre,2023-03-29 03:34:33,Android 7.1.2
krollins,2023-02-27 16:27:51,Android 3.2.4
along,2022-12-15 11:22:40,Android 4.2.2
smithnicole,2023-01-28 00:33:05,Android 6.0.1
katherine76,2023-01-26 08:51:59,Android 3.2.6
benjaminvincent,2023-03-15 00:11:32,Android 2.3
ballardmatthew,2023-02-21 12:01:52,Android 2.2.1
michaelhunter,2023-01-08 15:03:20,Android 5.1.1
kstrickland,2023-01-04 19:17:18,Android 1.5
paul67,2023-03-31 21:03:30,Android 4.2
jason42,2023-01-27 06:54:16,Android 2.0.1
donald58,2023-01-31 10:29:19,Android 2.3.6
michael33,2022-12-15 13:36:17,Android 1.5
aatkinson,2023-02-27 20:25:44,Android 3.2.3
eric91,2023-02-27 15:37:56,Android 5.0
jonathanmiller,2023-02-16 08:46:26,Android 5.1
bdaugherty,2023-02-18 05:23:05,Android 2.1
greeneamber,2023-04-06 03:46:20,Android 11
juliaballard,2023-01-19 04:04:43,Android 4.4.1
amyers,2023-01-23 03:35:56,Android 3.2.6
petersbrian,2023-03-25 22:43:54,Android 5.1.1
dixonjamie,2023-03-22 12:44:35,Android 4.3
drew83,2023-03-15 18:14:41,Android 9
yvonneschwartz,2023-03-14 23:22:52,Android 2.3
gabriellemontgomery,2023-04-01 00:24:58,Android 3.2
frank26,2023-01-13 00:50:20,Android 7.1
williamscynthia,2023-04-01 18:29:18,Android 4.1.2
christopherhernandez,2022-12-19 11:35:16,Android 5.1.1
matthewbauer,2023-04-03 07:09:00,Android 4.0.3
hernandezkelsey,2023-03-15 23:51:54,Android 3.1
douglasfitzpatrick,2023-03-27 02:59:24,Android 2.3.6
bakerkatie,2023-03-29 04:49:16,Android 10
ynguyen,2023-03-31 09:41:45,Android 4.4.4
hailey32,2023-04-07 04:04:32,Android 2.2.2
mario46,2023-01-29 03:36:08,Android 7.0
javierchandler,2023-02-19 03:15:52,Android 3.2.1
scott10,2023-01-28 06:11:21,Android 4.0
jmiller,2022-12-27 21:22:23,Android 7.1
joshua20,2023-03-14 08:59:51,Android 3.2.2
hendrixellen,2023-02-07 14:56:57,Android 8.1.0
teresagraham,2023-02-08 21:05:42,Android 3.2.1
curtis05,2023-01-12 08:07:59,Android 4.1
lopezdorothy,2022-12-23 09:44:16,Android 2.1
gharrison,2022-12-29 04:39:30,Android 8.1.0
kayla41,2023-03-11 12:37:12,Android 4.2.1
ethompson,2023-03-20 06:10:29,Android 3.1
millsmatthew,2022-12-14 11:15:50,Android 2.2
sanchezcarmen,2023-03-20 16:34:12,Android 1.1
tconrad,2023-02-09 10:17:08,Android 5.0
toddglover,2023-04-03 22:20:15,Android 2.3.5
mcneilalexander,2023-02-12 09:12:20,Android 1.5
karla36,2023-03-13 15:53:22,Android 2.3.3
delgadojulie,2022-12-13 07:32:13,Android 7.1.2
bmichael,2023-03-31 03:37:37,Android 3.1
alyssaortega,2023-04-04 03:40:07,Android 3.2.2
ymacias,2023-03-10 03:48:32,Android 2.3.5
matthew35,2023-03-17 01:29:55,Android 11
rodneyjimenez,2023-01-06 04:58:52,Android 8.0.0
kimberly93,2023-03-25 08:11:00,Android 3.2.6
michaelclark,2023-03-11 01:04:13,Android 7.0
phelpstammy,2022-12-26 11:20:48,Android 4.4
thomas06,2023-02-05 12:12:11,Android 3.2.4
veronica20,2023-01-07 11:43:21,Android 3.2.1
heather59,2022-12-20 07:45:56,Android 2.2
iparsons,2022-12-11 20:24:46,Android 4.2
uscott,2023-03-28 06:53:14,Android 4.3
stevensconnor,2023-01-23 00:38:31,Android 5.1
brianlewis,2023-03-15 15:45:02,Android 4.0.3
carrolljames,2022-12-25 19:36:27,Android 1.0
gjackson,2022-12-09 02:32:08,Android 2.3.6
jenny27,2022-12-17 12:19:00,Android 4.2.2
jennifer21,2023-03-26 01:08:04,Android 2.3.6
pricedennis,2023-03-12 08:42:48,Android 4.0.2
smack,2023-01-03 12:11:19,Android 1.5
danielle84,2023-03-20 14:14:37,Android 4.3.1
sarahblackwell,2023-03-27 14:20:16,Android 3.2
charlottemiller,2023-01-01 07:47:36,Android 7.1.1
gabriella40,2023-02-10 17:46:38,Android 4.4.4
alexandra30,2023-02-10 08:15:06,Android 9
carrievalenzuela,2023-03-12 09:35:47,Android 2.3.7
andersonmargaret,2023-01-07 04:10:56,Android 8.1.0
matthewsbrian,2023-03-31 11:34:26,Android 5.0
dedwards,2023-01-09 04:43:46,Android 4.4.2
vibarra,2023-02-23 02:59:13,Android 4.4
aaronmeyers,2023-04-07 15:01:28,Android 2.3
david86,2023-03-07 22:41:33,Android 1.5
richardsonmichele,2023-03-30 17:20:11,Android 4.0.3
tanderson,2023-04-09 12:44:30,Android 4.4.3
khall,2023-01-16 21:09:10,Android 4.4.3
joshua09,2023-04-07 23:13:25,Android 9
irivera,2023-03-06 22:29:40,Android 2.3
thompsonstuart,2023-02-16 08:30:52,Android 5.0
gburke,2023-01-06 17:32:46,Android 5.1
palmerdouglas,2023-03-10 12:14:48,Android 4.1.2
bryanlawson,2023-01-19 08:35:16,Android 2.3.2
millerjamie,2023-04-07 02:39:14,Android 2.3
sotorobert,2023-02-13 09:52:20,Android 2.0.1
robertrobinson,2023-02-27 14:10:01,Android 4.2.1
stacy98,2022-12-28 14:17:57,Android 4.0.1
marco35,2023-02-18 06:43:08,Android 2.3.5
michaelperez,2023-04-08 17:22:28,Android 4.1.1
ruizjoshua,2023-01-22 03:20:04,Android 3.2.6
victoriasmith,2023-01-09 17:47:35,Android 4.0.1
grant32,2023-02-06 05:14:50,Android 4.4.3
markphillips,2023-01-01 22:55:09,Android 2.2.3
kristinmorgan,2023-04-05 05:16:35,Android 3.2.5
ladkins,2023-02-27 00:23:18,Android 4.4
williamsjared,2023-02-19 19:36:59,Android 2.3.6
roberta22,2023-03-09 01:30:27,Android 2.1
alicia95,2023-01-23 08:09:39,Android 2.2.1
yangkimberly,2023-03-12 11:44:21,Android 2.3.3
austin10,2023-02-19 00:29:16,Android 4.2.1
qdavis,2023-02-06 17:21:49,Android 8.1.0
broman,2023-03-06 10:45:43,Android 2.3
sharonmelendez,2023-02-22 18:21:46,Android 3.2.2
brooke83,2022-12-14 12:57:03,Android 4.1.2
johnsonlaura,2022-12-31 02:53:13,Android 3.2
petersondaniel,2023-02-13 12:32:21,Android 9
cwagner,2022-12-30 20:01:35,Android 5.0.1
kaylaphillips,2023-02-12 13:28:50,Android 3.2
alexishiggins,2023-01-22 05:46:03,Android 4.4.3
john02,2023-02-07 18:34:45,Android 2.3.7
harold08,2023-03-29 05:13:57,Android 4.4.3
granttimothy,2023-02-13 21:59:13,Android 6.0.1
ncooper,2023-01-24 17:19:26,Android 2.0.1
christopher10,2023-04-08 01:00:09,Android 3.2
lopezchad,2023-03-29 06:33:41,Android 4.1.1
rosecraig,2023-02-28 02:14:04,Android 1.6
diane48,2023-02-25 10:40:18,Android 2.3.7
benjaminpatel,2022-12-18 13:08:47,Android 4.0.2
pachecosteven,2023-03-06 14:07:41,Android 8.0.0
edward82,2023-04-06 13:15:40,Android 2.2
patrick05,2022-12-13 15:47:42,Android 2.1
kelly15,2023-03-16 17:52:07,Android 6.0
claytonhodge,2023-04-04 05:03:46,Android 3.2.4
jesse46,2023-01-05 00:01:11,Android 3.2
amanda69,2023-02-24 17:23:46,Android 4.1.1
adamcurry,2023-02-06 10:08:30,Android 3.2.4
lamblisa,2022-12-24 19:09:04,Android 3.2.2
jacksonchristian,2022-12-25 05:57:43,Android 1.1
gjimenez,2023-01-31 01:28:11,Android 5.1
christopher55,2023-01-10 21:10:08,Android 3.2.5
guy36,2023-02-14 17:11:03,Android 2.3.1
haley93,2022-12-12 22:20:34,Android 3.2.5
ochapman,2022-12-17 05:26:57,Android 9
michael18,2023-02-02 14:57:22,Android 5.0
austinluis,2023-03-09 21:08:10,Android 4.1.1
mitchellreynolds,2023-03-03 22:18:09,Android 10
eric59,2023-02-14 21:33:46,Android 11
mbrown,2023-01-12 18:52:13,Android 4.3
fmurphy,2022-12-26 03:42:47,Android 2.2
heathercarr,2023-01-16 16:51:24,Android 2.3.4
vbarker,2022-12-27 22:37:39,Android 1.0
qwallace,2023-02-24 07:35:46,Android 2.3.6
markrodriguez,2023-02-12 20:11:07,Android 2.3.6
aaronrobinson,2023-03-17 18:14:30,Android 1.1
salazarkevin,2023-01-27 06:45:17,Android 7.1.2
rharmon,2023-01-03 01:56:51,Android 2.2.3
suttonmarc,2022-12-20 16:38:11,Android 1.6
daniel05,2023-02-02 14:43:34,Android 6.0
heatherstevens,2023-03-06 22:53:14,Android 2.3.6
heathersmith,2023-03-26 05:24:06,Android 2.3.7
patriciapowell,2023-01-30 04:52:28,Android 3.0
tapiabrenda,2023-02-13 12:38:40,Android 4.3
rjones,2023-03-08 18:03:12,Android 2.3.7
dianemcgee,2023-02-02 06:16:40,Android 3.2.2
kpena,2022-12-15 02:49:49,Android 2.0.1
cohenstacy,2023-01-07 05:41:43,Android 1.6
vali,2023-03-31 23:30:35,Android 1.6
jdaugherty,2023-03-19 23:47:08,Android 3.2.4
taylor69,2023-01-01 05:34:51,Android 2.1
ssingh,2023-01-20 13:49:35,Android 2.0.1
dalvarez,2023-01-12 10:31:15,Android 8.1.0
frobbins,2022-12-28 01:52:18,Android 2.3
courtneysmith,2022-12-19 08:22:53,Android 4.4.2
megan13,2023-02-24 00:03:03,Android 4.0.4
jbrown,2023-01-11 21:26:06,Android 3.0
millermary,2022-12-10 20:04:36,Android 2.3.3
cynthiawilliams,2023-01-15 07:48:42,Android 4.3.1
ibaldwin,2023-04-02 20:53:14,Android 5.0.1
snyderamy,2023-01-24 06:59:36,Android 1.0
christopher67,2022-12-31 14:22:42,Android 4.2.1
wallacemary,2023-02-28 19:52:32,Android 11
jeremyscott,2023-02-13 20:53:19,Android 5.0.2
leslie89,2023-01-25 23:20:07,Android 4.2.2
hwolfe,2023-02-24 04:17:27,Android 4.0.1
richardsonchristina,2023-02-28 18:59:31,Android 3.2.6
adrian72,2023-02-27 04:46:04,Android 2.3.2
marshallselena,2023-01-16 23:58:35,Android 2.2
donald61,2022-12-11 15:59:54,Android 2.3.7
joannemiller,2023-02-06 14:38:42,Android 3.1
hubbardbrenda,2023-01-17 04:22:10,Android 10
janetcrawford,2023-02-03 02:41:10,Android 5.0.1
vwarner,2023-02-24 06:16:44,Android 1.6
msanders,2023-02-25 09:48:59,Android 2.3.3
jamesparker,2023-03-04 04:47:12,Android 1.0
karen27,2023-02-14 20:32:17,Android 7.1.1
rowemonica,2022-12-09 18:23:06,Android 5.1.1
bchapman,2023-03-27 00:36:23,Android 2.0
charles52,2023-01-15 13:40:43,Android 4.4.4
leslieadams,2023-03-11 23:30:55,Android 4.3.1
smunoz,2023-01-25 10:25:16,Android 7.1.2
shelley59,2023-01-06 14:49:02,Android 2.3.2
katelyn06,2023-03-29 20:43:24,Android 4.2
ibarker,2023-03-23 04:50:12,Android 4.2
wilsonrebecca,2022-12-23 20:25:56,Android 7.1
georgebond,2022-12-22 07:41:51,Android 3.2.2
kelleybobby,2023-02-27 20:46:37,Android 3.2.3
karmstrong,2023-04-03 05:30:29,Android 3.2.5
williamsdustin,2023-02-11 22:46:43,Android 5.1.1
reyesjonathan,2023-03-30 06:12:13,Android 4.1.2
hardymichael,2023-01-27 11:01:13,Android 1.5
nancykidd,2023-02-25 20:06:54,Android 5.0.2
santoscatherine,2023-02-05 10:34:49,Android 8.1.0
michealreyes,2023-01-26 18:32:41,Android 4.1.1
troyprice,2022-12-30 11:18:52,Android 2.2
ngreen,2023-01-09 06:59:44,Android 4.1.2
anthony43,2023-03-09 23:43:58,Android 4.4.4
vanessa28,2023-04-08 01:44:01,Android 4.3
pamhoffman,2023-02-02 11:28:11,Android 6.0.1
jonathanhumphrey,2022-12-20 16:07:42,Android 2.3.1
kerrirandolph,2023-01-21 00:00:16,Android 2.3.5
elizabethfrazier,2023-01-10 19:05:34,Android 4.3.1
mary68,2023-02-28 20:38:37,Android 3.2.3
hallcarol,2023-02-17 06:25:14,Android 3.2.5
carl89,2023-01-14 02:47:28,Android 3.2.3
laura23,2022-12-09 20:21:00,Android 4.3
anna51,2023-01-04 10:33:51,Android 5.0.1
jameschan,2023-01-27 15:42:50,Android 2.3.1
yubrandon,2023-02-08 14:48:03,Android 3.0
kunderwood,2023-01-14 18:08:20,Android 1.1
andrea38,2022-12-22 21:15:52,Android 4.0.1
arosario,2023-02-03 18:28:10,Android 1.1
martinjustin,2022-12-26 04:05:19,Android 1.1
jenna73,2022-12-09 14:59:04,Android 4.0.4
laurenrojas,2022-12-30 23:49:33,Android 3.1
davidmorgan,2023-01-04 18:29:54,Android 2.3.3
ellenthompson,2023-02-28 20:18:32,Android 2.3.7
kaufmansherri,2023-01-13 13:25:55,Android 2.3.5
robertanderson,2023-02-01 09:52:16,Android 8.1.0
danataylor,2023-02-23 03:49:10,Android 2.1
robert83,2023-01-05 16:21:35,Android 4.0
cynthia63,2023-01-01 07:36:35,Android 4.3.1
stacy74,2023-01-31 05:50:52,Android 4.2
ray49,2023-02-23 08:21:09,Android 4.1.2
roberthahn,2023-03-01 16:27:10,Android 5.0.1
nicholas31,2022-12-20 20:52:44,Android 7.1.1
lindsayvance,2023-03-20 17:48:38,Android 7.0
nvazquez,2022-12-25 15:44:32,Android 2.1
kburgess,2023-01-27 18:14:30,Android 4.3
kimberlymcneil,2023-03-24 13:47:40,Android 2.2.3
timothybrown,2023-02-02 20:53:27,Android 3.0
johnsonangela,2023-01-27 08:43:01,Android 3.2.6
rwoods,2023-01-19 16:19:41,Android 4.3
hooderika,2023-02-07 23:42:46,Android 4.3.1
gallagheranthony,2023-02-15 05:42:17,Android 4.4.3
tami17,2022-12-09 06:43:33,Android 5.0.1
solomontraci,2023-03-26 09:30:02,Android 9
dballard,2023-01-24 20:12:19,Android 1.6
nprice,2023-02-04 20:48:56,Android 3.2
rebeccasloan,2023-03-02 13:54:49,Android 4.0.4
coryadkins,2023-03-31 20:32:08,Android 2.3.7
kevinsanders,2023-03-09 09:42:47,Android 4.1
xlane,2023-03-01 05:28:31,Android 4.1.2
robin72,2022-12-09 17:26:30,Android 4.4.3
monica44,2023-02-09 21:23:45,Android 2.3.2
oduran,2023-01-25 02:01:20,Android 2.3.2
ehernandez,2022-12-10 09:43:36,Android 1.6
gordontaylor,2023-02-17 16:49:58,Android 4.2
glove,2022-12-14 08:03:39,Android 3.2.4
tina88,2023-02-12 20:23:20,Android 4.4.1
kevinterrell,2023-02-01 11:49:10,Android 6.0.1
christopher99,2023-03-29 10:11:14,Android 4.1.2
hessgrace,2023-03-12 22:45:27,Android 4.0.2
browneric,2023-01-03 13:35:36,Android 4.4.3
timothy57,2023-02-27 07:11:00,Android 8.0.0
philip15,2023-02-09 17:33:38,Android 4.4.3
sherry93,2023-03-25 01:23:46,Android 4.4.1
cindyhudson,2023-01-14 17:58:24,Android 7.1
rrodgers,2023-01-28 04:50:19,Android 3.0
penaclaudia,2023-02-18 22:06:45,Android 5.0.1
juan05,2023-02-24 00:12:07,Android 3.1
michaelfuller,2023-02-11 03:16:16,Android 1.5
pearsondavid,2023-02-04 14:57:22,Android 4.2.1
brenda58,2022-12-20 08:04:47,Android 2.2.3
smartinez,2023-02-07 00:38:25,Android 1.5
ricardodickerson,2023-03-09 19:15:06,Android 2.3.1
christina60,2023-01-23 15:02:51,Android 2.3.2
rojasrodney,2023-02-12 19:46:40,Android 7.0
dmalone,2023-01-17 00:15:41,Android 2.1
timothy05,2023-02-24 04:32:13,Android 2.0
leroy58,2022-12-24 02:04:18,Android 2.3.6
allennoah,2022-12-23 06:52:30,Android 7.1.1
daniel71,2023-01-13 19:18:49,Android 4.0
lcarter,2023-02-16 08:32:23,Android 5.1
youngbrittney,2022-12-29 02:40:40,Android 4.0.3
cherylhampton,2023-02-05 03:21:38,Android 4.3.1
powelllaura,2023-03-31 11:53:01,Android 9
jason96,2023-03-06 12:44:23,Android 5.0
weaverkristen,2023-01-20 21:29:28,Android 1.5
markoconnor,2023-01-21 01:17:08,Android 5.0.1
joshua06,2023-02-15 00:34:54,Android 4.4.2
barbara95,2023-02-18 19:51:28,Android 5.0.2
morrowjames,2022-12-13 22:38:46,Android 6.0.1
marywarren,2023-03-17 04:48:26,Android 5.1
johnwyatt,2023-03-29 04:45:43,Android 4.0.2
jeffrey12,2023-01-04 14:07:17,Android 4.0
james80,2022-12-10 17:18:47,Android 4.2.2
fuenteslance,2022-12-30 22:23:18,Android 7.1.1
sarahanderson,2023-04-06 15:49:10,Android 2.2.1
brian31,2023-04-05 23:29:43,Android 4.0.2
donaldjimenez,2023-04-02 16:29:22,Android 2.3.6
lisa46,2023-01-01 18:50:11,Android 1.6
burnsrhonda,2023-03-25 04:37:04,Android 3.2.4
dward,2022-12-18 11:14:37,Android 4.3.1
loriturner,2023-03-09 17:08:01,Android 5.0.2
kjones,2023-01-02 12:38:58,Android 4.0.4
rick79,2023-04-07 15:49:43,Android 2.2.2
dcarrillo,2023-02-01 10:03:05,Android 2.2.2
meganpayne,2023-04-09 16:51:47,Android 2.3.1
carterkeith,2023-03-09 22:39:06,Android 4.2.1
laurie63,2023-01-01 20:26:04,Android 5.0.1
joseph50,2023-01-06 01:51:43,Android 2.3.5
martinevans,2023-01-20 17:09:45,Android 8.1.0
mcconnellpatricia,2022-12-19 08:04:15,Android 1.6
adamnunez,2023-01-18 17:35:09,Android 4.4.2
drewfaulkner,2023-01-25 00:39:48,Android 2.2.1
gmarquez,2023-03-26 20:41:21,Android 8.0.0
edwardskim,2023-03-10 01:53:16,Android 3.2.3
vlopez,2023-03-07 04:18:10,Android 4.0.4
sherryhurley,2023-04-05 07:57:45,Android 4.0
zburch,2023-02-21 13:06:44,Android 3.2.5
logan86,2023-03-04 21:04:12,Android 2.3.3
tmurray,2023-03-12 09:18:48,Android 5.0
sarah64,2023-03-18 12:23:08,Android 2.3.7
frankvargas,2023-02-21 23:43:07,Android 4.0.4
grahamjames,2023-03-02 09:14:01,Android 4.1
michelle54,2023-04-06 23:39:46,Android 4.2.1
qpena,2023-01-21 06:36:16,Android 2.0.1
donnakennedy,2023-04-08 22:15:38,Android 1.5
maryanderson,2023-01-02 04:25:10,Android 2.2.1
pabbott,2022-12-09 14:09:31,Android 4.1
barbarabrooks,2023-04-06 14:57:42,Android 6.0
whiteangela,2022-12-13 00:24:33,Android 2.3.7
ericmyers,2023-01-10 11:14:24,Android 6.0
leemanuel,2023-03-17 21:04:08,Android 5.1
hjenkins,2023-02-25 21:45:20,Android 2.3
amberrodriguez,2023-02-16 18:02:44,Android 4.4.4
andrewmcdowell,2023-01-30 15:53:21,Android 5.0
ywarren,2023-02-15 22:02:49,Android 9
jasmine38,2023-03-09 05:53:52,Android 3.0
victoredwards,2023-03-28 05:07:17,Android 3.2.5
taylorgarcia,2023-03-26 10:24:46,Android 4.1.1
jesseswanson,2023-02-28 02:35:00,Android 1.0
jacob82,2023-03-30 15:21:24,Android 1.5
uhaas,2023-03-01 15:27:44,Android 6.0
josephsandoval,2023-01-01 14:36:07,Android 5.1.1
campbellsusan,2023-02-02 21:05:00,Android 8.1.0
carlosshelton,2023-02-21 16:12:53,Android 2.3.6
herbertwalker,2023-03-23 15:16:53,Android 1.0
cindyprice,2023-02-20 23:49:10,Android 4.2.2
christopher60,2023-02-01 20:29:28,Android 1.1
williamsstacey,2023-04-07 18:12:14,Android 4.0.3
alewis,2023-02-21 10:41:30,Android 2.2.3
jeffrey96,2023-03-27 04:41:49,Android 5.0.2
deborah40,2022-12-22 06:26:15,Android 8.0.0
phillipwilson,2023-02-02 14:43:27,Android 3.2.3
guybray,2023-02-21 21:12:46,Android 2.1
thomas27,2023-02-11 06:36:25,Android 3.2.3
lauramatthews,2023-03-27 21:12:38,Android 2.1
ashley03,2023-04-07 09:33:03,Android 5.1.1
adriennehamilton,2023-01-01 07:41:40,Android 3.2.6
oliverkyle,2022-12-30 22:38:45,Android 7.1.1
davidcoffey,2023-01-25 01:08:25,Android 8.0.0
nathan74,2022-12-17 06:30:12,Android 5.1.1
fitzgeraldchristina,2023-03-06 05:34:04,Android 2.3.4
mrodriguez,2023-01-14 19:14:00,Android 3.2.1
melvinmunoz,2023-02-07 06:46:36,Android 7.1.2
bryan41,2023-02-12 10:43:14,Android 4.0.2
christopherroberts,2023-03-10 13:05:05,Android 7.1.1
bakerchristopher,2023-03-04 15:44:04,Android 4.4.3
ronald43,2023-01-24 10:12:03,Android 9
robertknox,2023-02-17 23:09:14,Android 4.2.2
brittanycooper,2023-01-30 11:58:51,Android 4.0.2
ricardo09,2023-02-20 01:44:36,Android 2.2.2
mccoygregory,2023-02-15 20:03:54,Android 4.2.2
deannaperez,2023-01-08 07:19:48,Android 6.0.1
oreeves,2023-01-25 23:00:49,Android 7.1
monicasantana,2023-01-17 03:45:37,Android 2.3.6
hunttracey,2023-02-05 22:45:20,Android 1.6
amber64,2022-12-09 17:51:08,Android 4.4
bethbell,2023-03-01 23:31:16,Android 4.3.1
khancock,2023-03-19 10:45:48,Android 3.2.1
brownjohn,2022-12-30 08:17:40,Android 3.2
hallphillip,2023-01-19 13:38:28,Android 4.3.1
nicolechandler,2023-03-11 19:03:13,Android 5.0.2
butlercourtney,2023-02-26 05:17:32,Android 5.1
michael53,2023-04-01 12:36:22,Android 9
ericstewart,2023-02-03 03:06:16,Android 2.3
rodriguezrobert,2023-01-28 01:56:51,Android 3.0
natalie38,2023-03-02 17:05:51,Android 3.2.1
stonetheresa,2022-12-25 01:54:57,Android 2.3.7
josephpage,2023-02-11 11:37:43,Android 3.2.4
odonnellbrandon,2023-01-12 23:24:24,Android 3.2.2
wilsonchristina,2023-01-15 20:12:00,Android 1.6
deborahpugh,2023-01-02 18:40:34,Android 7.1.2
martinezchristina,2022-12-18 20:05:49,Android 2.3.5
gsmith,2023-01-29 13:46:46,Android 2.2
wgomez,2023-04-07 21:16:07,Android 4.1
rodney09,2023-02-27 20:42:38,Android 2.3.4
nblackburn,2023-02-18 10:13:24,Android 8.0.0
bellmichael,2023-03-22 13:56:36,Android 4.3.1
allenaustin,2023-02-11 15:57:17,Android 2.3.5
vdavis,2023-04-03 14:38:07,Android 2.3
donaldwilliams,2023-02-16 06:46:34,Android 6.0
mark96,2023-03-08 10:12:37,Android 4.4.4
belltiffany,2023-03-03 04:08:22,Android 1.5
lindsaylewis,2023-01-03 01:58:43,Android 7.0
gwilson,2022-12-16 10:43:14,Android 3.2.2
ramirezteresa,2023-03-03 01:10:08,Android 4.2.1
zrobinson,2023-02-04 13:46:30,Android 8.0.0
acollins,2022-12-20 02:15:02,Android 2.2
jacksonerika,2023-02-12 05:31:14,Android 3.2.1
lori05,2023-03-13 10:33:29,Android 6.0
kimberly65,2023-02-04 10:33:34,Android 2.3.2
valerielewis,2023-04-05 21:47:27,Android 4.2
griffithjessica,2023-02-22 16:02:58,Android 5.1.1
steven98,2022-12-20 15:50:28,Android 7.1
benjaminhancock,2023-03-25 12:10:07,Android 8.1.0
jmoreno,2023-01-26 02:58:36,Android 4.4.3
iswanson,2023-02-16 08:24:11,Android 1.1
amanda50,2023-02-22 23:38:40,Android 4.2
beckamy,2023-01-07 06:19:33,Android 2.2
mckinneycynthia,2022-12-21 09:33:37,Android 4.4.1
mullenrachel,2023-02-15 19:20:16,Android 4.0.3
david81,2023-03-05 18:20:44,Android 4.3
hollandjoshua,2023-01-26 23:11:34,Android 4.2.2
jefferybrown,2023-02-11 12:06:55,Android 3.2.4
obrienjennifer,2022-12-21 20:57:38,Android 3.0
qjohnson,2023-02-17 12:58:56,Android 2.0.1
nathaniel63,2022-12-21 20:08:19,Android 10
brownmark,2023-02-24 02:48:38,Android 7.1.2
guerreropamela,2023-03-29 00:36:48,Android 3.0
umitchell,2023-04-08 05:35:08,Android 4.0.4
thomasbrowning,2023-02-15 07:18:47,Android 1.6
johnortiz,2022-12-23 16:40:22,Android 2.3.2
allenadam,2023-03-05 22:28:17,Android 4.0
johnferguson,2023-04-02 19:08:22,Android 5.1.1
samantha97,2023-03-25 09:10:58,Android 5.0.1
joseph75,2023-02-05 17:57:36,Android 2.3
laurenmurray,2023-03-11 10:33:43,Android 3.2.3
hannahlucas,2023-03-04 13:55:37,Android 4.3
lopezjonathan,2023-02-08 16:36:07,Android 9
jessicarodgers,2023-02-08 16:07:35,Android 3.2.3
ypatterson,2023-01-24 11:38:15,Android 3.2.3
rhall,2023-01-31 10:16:27,Android 2.3.1
fpeterson,2023-02-14 10:29:24,Android 4.4.2
dodsonrodney,2022-12-11 04:00:39,Android 4.4
maria90,2023-03-19 11:32:19,Android 5.0.1
smithkristy,2022-12-14 14:59:54,Android 4.0.2
andrew41,2022-12-13 21:22:30,Android 4.0.4
jessica12,2022-12-30 12:59:16,Android 2.3.2
erivas,2023-04-09 10:51:19,Android 3.2
ryan42,2023-03-12 14:34:59,Android 4.3.1
kaylee62,2023-02-07 20:39:53,Android 2.3.6
angela72,2023-02-18 01:16:49,Android 4.2
xwilson,2023-03-16 08:21:56,Android 2.2.1
marydiaz,2022-12-29 19:04:44,Android 5.1.1
marieparsons,2023-03-28 01:27:23,Android 2.3.6
caitlynfisher,2023-02-14 09:07:36,Android 3.2.4
harristimothy,2023-03-08 17:37:56,Android 4.0
christopherli,2023-02-01 15:51:48,Android 6.0.1
