username,sex,mail,birthdate
zgarza,M,lindaedwards@hotmail.com,2014-01-12
emilyalvarez,F,fpeterson@gmail.com,1978-03-01
alexanderzachary,F,penny20@yahoo.com,1998-01-24
utaylor,F,thomastapia@yahoo.com,1966-01-01
becky79,F,monicacraig@yahoo.com,1919-03-07
sherry28,M,tyler48@yahoo.com,1983-05-10
bookerpatrick,F,laurie93@yahoo.com,2020-03-26
icole,M,waltervega@yahoo.com,2019-01-24
qcobb,F,virginia05@hotmail.com,1910-08-26
wrhodes,M,allen98@hotmail.com,1958-02-15
dennis69,M,okelly@gmail.com,1990-07-23
prattryan,F,utaylor@hotmail.com,2002-05-01
robert08,F,pguerra@gmail.com,1985-04-13
escobarjesse,F,matthew19@hotmail.com,2009-01-31
marvin41,M,vchavez@hotmail.com,2008-08-12
clarkeric,M,andrewallen@gmail.com,1928-10-31
jayhoward,F,vmoore@gmail.com,1945-06-17
stephanie29,F,carlawilkins@yahoo.com,1943-07-09
stacysmith,M,schultzevan@hotmail.com,1919-05-18
barbermichael,M,gpatterson@hotmail.com,1992-01-01
fthomas,F,michelehernandez@hotmail.com,1968-09-10
gonzalezcynthia,F,bethanysanchez@gmail.com,1968-09-10
julia57,M,stacyhood@hotmail.com,2006-10-31
robertsharp,M,oholmes@hotmail.com,1983-07-13
frankdanielle,F,ksnyder@yahoo.com,1926-04-20
jenniferrogers,M,tammy81@hotmail.com,1986-07-22
michael68,M,phillip23@hotmail.com,2019-06-24
shannonthompson,F,shanehall@gmail.com,1998-03-24
jadams,F,jamesharris@yahoo.com,1921-07-21
michelle32,F,mreyes@yahoo.com,1976-01-03
meghan06,M,eclements@gmail.com,2008-08-06
andersonriley,M,maryvance@hotmail.com,1913-05-08
ivan36,M,nscott@hotmail.com,1916-03-20
wtaylor,M,bergerkimberly@yahoo.com,2014-06-12
christopher04,M,dylanarmstrong@hotmail.com,1923-10-16
james96,F,travis51@hotmail.com,2021-04-19
matthewsjennifer,M,robertward@gmail.com,1955-08-09
jamesharris,F,bowenlinda@hotmail.com,1966-07-17
karen96,F,peterchaney@yahoo.com,1921-02-13
dhaynes,M,watsonellen@hotmail.com,1993-01-02
johnyoung,F,carmen79@gmail.com,1924-06-04
padillaphillip,F,andrewcollins@hotmail.com,1955-12-20
suttonmitchell,F,taylorthompson@gmail.com,1967-04-15
qwilliamson,M,angelaellison@yahoo.com,1994-11-14
fmckenzie,M,scottcharles@hotmail.com,1988-01-25
pcox,F,franksamuel@gmail.com,1920-04-10
morenocraig,F,richard69@gmail.com,1940-08-11
smithalexander,F,frederickdorsey@gmail.com,1978-11-19
alexandriajimenez,F,ronaldrose@hotmail.com,1954-12-09
millerwendy,M,kristenlowe@gmail.com,1999-03-29
vespinoza,F,stephenmay@hotmail.com,1934-01-12
alexasteele,M,alexandra96@yahoo.com,1984-04-24
chelsea78,M,michaelfox@gmail.com,1912-06-20
shariscott,F,guerrerolauren@yahoo.com,2022-05-15
yhawkins,F,harrisoncarol@hotmail.com,1993-03-13
adamlogan,M,lisayoung@gmail.com,1970-02-06
justin65,M,aaron54@hotmail.com,1907-05-12
eric10,M,mossjustin@gmail.com,1932-06-26
kellythompson,M,nbarry@hotmail.com,1976-02-18
leslie28,M,fmason@yahoo.com,1982-05-25
ikelly,F,joshua97@yahoo.com,1991-02-27
romeromichael,M,aprilmiller@yahoo.com,1910-12-28
xgill,F,huangwilliam@yahoo.com,1911-06-07
robertsshannon,M,teresaprice@yahoo.com,1907-09-25
jade02,F,coreysilva@hotmail.com,1912-10-31
lellis,M,abbottchristine@yahoo.com,1945-05-14
zcastro,F,robertsmarie@hotmail.com,1953-02-17
luceromolly,F,adampollard@gmail.com,1998-01-27
jessicamitchell,M,angel84@hotmail.com,1937-10-01
markyoung,F,bprice@gmail.com,1967-07-16
holtrobert,F,christophercervantes@yahoo.com,1933-07-08
stephen91,F,judy56@yahoo.com,1932-11-28
jessicadavis,M,antonio87@hotmail.com,1959-02-28
justinthompson,F,mclaughlinkimberly@yahoo.com,1963-04-28
cookashley,M,nmoore@gmail.com,1950-02-20
taraduran,F,iburns@hotmail.com,1974-12-10
shane16,M,veronica61@gmail.com,1922-05-13
nicole39,F,cgrimes@yahoo.com,1976-04-02
jamie25,M,richardcrawford@yahoo.com,1989-03-23
iwu,M,nhorne@gmail.com,1992-01-22
walkerbarbara,M,jimenezkelly@yahoo.com,1915-05-09
wcallahan,F,yyoung@gmail.com,1956-10-07
michellesanders,F,martinmathew@yahoo.com,1977-09-08
walkersara,F,kbaker@gmail.com,1913-05-07
lawrence20,F,cindy21@hotmail.com,2004-08-21
fparker,M,ivaughan@gmail.com,2002-09-30
danielle90,F,christy68@hotmail.com,1977-05-23
melissa10,F,bennettmonique@gmail.com,1983-04-29
lknapp,F,gonzalezcynthia@yahoo.com,1967-01-12
hoganjennifer,F,caroljensen@yahoo.com,1960-08-15
isaacevans,F,seth23@hotmail.com,1981-12-07
vargaschristina,M,charles81@hotmail.com,1997-12-11
ocardenas,F,jillcastillo@yahoo.com,1939-01-26
davisgerald,F,chansteven@hotmail.com,1993-09-12
sbrowning,F,nholt@hotmail.com,1914-03-02
zmccullough,M,woodchristopher@gmail.com,1908-10-10
jacksonashley,M,davidbenton@yahoo.com,1925-07-27
laurie97,M,lawsonantonio@gmail.com,1945-09-20
tinamoore,M,brandon10@yahoo.com,1911-10-07
johnsonelaine,M,murrayamy@hotmail.com,1958-05-28
veronicajones,F,brian56@hotmail.com,1953-04-18
moonmary,F,courtney02@yahoo.com,1924-12-15
vanessa81,M,emaxwell@gmail.com,1958-12-14
kimberlyduncan,F,james35@yahoo.com,1936-05-11
amymaldonado,F,amandamathis@gmail.com,1920-08-06
benjaminjames,M,zunigacrystal@yahoo.com,2002-01-11
francis95,F,ujackson@yahoo.com,1946-03-27
heather97,M,nicholas73@yahoo.com,1973-09-04
cadams,F,andrew15@hotmail.com,1958-12-19
marcmoore,M,yreed@hotmail.com,1919-05-13
grantfrederick,M,mlester@hotmail.com,1917-02-13
marymoore,F,matthewgarrett@gmail.com,1931-03-06
matthewmartin,F,marilynblack@gmail.com,1908-04-13
sanchezlisa,M,emily81@yahoo.com,1950-09-18
qclarke,M,umiller@hotmail.com,1964-11-06
youngtravis,F,josephwhite@hotmail.com,1932-04-22
shawmichael,M,hamiltontanya@hotmail.com,1928-10-18
george28,F,jordan43@yahoo.com,1958-10-21
elewis,F,jennifer42@yahoo.com,1974-04-26
zmaldonado,F,kellymatthew@yahoo.com,2002-12-18
smithbobby,F,qsmith@hotmail.com,1984-11-02
tcook,F,mark45@gmail.com,1941-01-26
xferguson,M,kingantonio@hotmail.com,1916-07-22
zhernandez,F,nlopez@gmail.com,1950-04-16
darlenebradley,M,andrew72@hotmail.com,2020-10-08
uwarren,F,maldonadojacob@gmail.com,2013-05-17
uhoward,M,amandajimenez@hotmail.com,1988-07-19
sreed,M,jessica81@hotmail.com,1987-04-18
catherine85,M,charles24@hotmail.com,2020-12-31
jessicahoffman,F,judy40@gmail.com,1917-04-14
barrettmatthew,F,morganvalerie@yahoo.com,1974-10-16
campbellmichael,F,qsmith@yahoo.com,1923-09-03
mirandarebecca,M,nshaffer@gmail.com,1915-04-04
april83,F,sjones@yahoo.com,1974-09-01
bwilliams,M,codyrojas@yahoo.com,1954-01-01
stevenbryant,M,xwebb@hotmail.com,1959-07-03
nnunez,M,woodmarie@yahoo.com,1945-05-03
campbellkyle,M,lopezveronica@hotmail.com,1993-08-08
kelly72,F,robertberg@gmail.com,1915-10-09
zhoward,M,breynolds@yahoo.com,1965-09-06
jgonzales,F,xhawkins@gmail.com,1977-10-17
brittney72,M,john37@yahoo.com,1962-08-19
lance77,F,pauljennifer@gmail.com,1957-11-22
rebecca96,M,robert24@hotmail.com,1941-06-07
dyoung,M,millerstacey@hotmail.com,2020-07-16
espinozaerin,M,gsmith@gmail.com,1956-11-01
benjamin20,M,richardanthony@gmail.com,2006-06-15
rdean,F,mcintyregerald@hotmail.com,1922-01-24
dannylogan,M,brandy46@gmail.com,2015-11-01
jenniferhall,F,harveyomar@gmail.com,2022-05-06
jennyfowler,F,vegadaniel@gmail.com,1969-04-02
lanestanley,F,michaelflores@yahoo.com,1988-05-20
melissamartinez,M,qlucero@gmail.com,1956-06-03
feliciasantiago,F,ericmurphy@hotmail.com,1978-06-07
ggreen,F,emily49@hotmail.com,1966-01-01
ejohnson,F,kathryncurry@yahoo.com,1922-02-16
annascott,M,trujillojonathan@gmail.com,1921-08-24
lfarrell,M,vanessa58@gmail.com,2007-09-28
warrenlisa,F,christopher59@hotmail.com,1953-06-14
leenatalie,F,lclarke@hotmail.com,1985-09-26
marquezanna,F,zsmith@gmail.com,1995-07-09
dana26,F,thomasjohns@gmail.com,1983-02-22
antonio12,F,afrey@gmail.com,1930-09-17
omaddox,M,jennifer19@hotmail.com,1992-01-30
knewton,M,geraldcooley@hotmail.com,1964-11-05
john34,M,amanda95@hotmail.com,2000-07-08
sandra76,F,williamhenry@gmail.com,2003-01-31
hunterjason,M,nking@hotmail.com,1917-06-22
vhamilton,F,ramirezvictoria@yahoo.com,1977-05-26
racheljohnson,M,riggspatty@hotmail.com,1999-05-11
taralambert,M,nathanielrios@gmail.com,1968-04-05
shannon37,F,brandon46@gmail.com,1911-01-24
patrick72,M,scook@gmail.com,1968-10-25
kmartinez,M,michaela45@yahoo.com,1963-01-09
williamsjames,F,adamslaura@yahoo.com,1948-06-30
ebuchanan,M,johnsonmichael@yahoo.com,2000-02-15
dominicdelgado,M,uward@gmail.com,1932-08-25
tuckerstephen,F,kobrien@hotmail.com,1940-01-06
dorothy99,M,desireechen@hotmail.com,1969-12-05
kelly32,M,riosgregory@yahoo.com,2004-03-10
bethwalton,M,valerie35@yahoo.com,1957-12-02
larry70,F,morriskaitlyn@yahoo.com,1976-03-12
travischarles,M,carlospoole@yahoo.com,1929-04-25
pwilliams,M,thomascastillo@hotmail.com,1984-10-11
kmedina,M,taylor84@yahoo.com,1911-08-05
moorebilly,M,dorischapman@gmail.com,1927-01-05
kaitlynmata,F,smithkrista@yahoo.com,2010-06-07
dawn93,M,christine97@yahoo.com,1990-02-22
freynolds,M,sarah63@hotmail.com,1972-05-10
aparker,M,erikwilliams@gmail.com,1920-07-16
ryankelly,M,jonathanwilliams@gmail.com,1996-02-06
darrenfoster,M,lukegarrett@yahoo.com,1929-10-01
lorraine15,M,bobbypeterson@gmail.com,1930-10-26
tyronealexander,M,jeffrey01@gmail.com,1910-10-24
robertcooper,M,mark43@hotmail.com,1936-03-14
ebrady,F,jacksonlee@hotmail.com,1930-03-22
amber12,M,rodriguezalan@gmail.com,1949-08-22
jonesrobert,F,kaylawilliams@gmail.com,2000-11-19
grimeskristin,F,vhayes@yahoo.com,1926-06-07
sarahkelly,M,pamela91@hotmail.com,1977-10-23
craig03,M,hamptondonna@yahoo.com,1934-08-20
ohaney,M,gentrysarah@yahoo.com,1993-04-10
lopezconnor,F,jacqueline11@hotmail.com,1987-02-02
garciakaren,M,andrew76@hotmail.com,1916-10-28
barneschristopher,M,rebeccajohnson@yahoo.com,1918-12-09
scott37,M,baileyjessica@gmail.com,1974-04-24
sarahdillon,F,xcampbell@hotmail.com,1944-09-07
baxtertiffany,M,kristen82@hotmail.com,1941-04-10
apowers,M,itaylor@gmail.com,2014-03-02
thomasraymond,M,bnorton@hotmail.com,1909-03-02
vgross,M,stricklandann@hotmail.com,1998-04-02
opoole,F,carlturner@gmail.com,1992-05-01
karamaldonado,F,reidlisa@yahoo.com,1986-04-28
taylorjason,F,deborah90@gmail.com,2016-12-15
jonesnatalie,F,coxkevin@hotmail.com,2018-10-11
vmarshall,M,chasegarcia@hotmail.com,1925-09-25
lroberson,M,thoffman@yahoo.com,1939-03-31
guywalker,F,aevans@hotmail.com,1959-11-26
angelamorton,M,logan95@yahoo.com,1938-10-20
tnolan,F,robertball@gmail.com,1991-11-25
yevans,F,russellrobin@yahoo.com,2010-04-08
hgibson,F,ppark@gmail.com,1996-09-02
colemancasey,M,michaelcollins@hotmail.com,1916-07-19
harringtonpaul,F,shawbrett@gmail.com,1949-05-21
tracy44,F,ikennedy@yahoo.com,1985-09-13
alexanderharvey,F,gwarren@hotmail.com,1985-08-27
garciashane,F,leah63@yahoo.com,1991-12-24
mollybean,F,lopezstacy@gmail.com,1937-10-13
yscott,M,mckenziekatherine@yahoo.com,1921-03-10
tracibrewer,M,jill30@hotmail.com,1973-03-16
davislinda,F,john96@gmail.com,1939-11-24
donna94,F,hilljuan@hotmail.com,2002-04-01
mooneyrebecca,M,jameskhan@yahoo.com,2016-04-10
laurasantos,M,thomasbilly@gmail.com,1936-11-06
evan86,M,baileyzachary@gmail.com,1942-04-01
leekimberly,F,chadmcclain@yahoo.com,1993-11-13
colemandawn,F,owillis@yahoo.com,1983-07-08
brownkatherine,M,larnold@hotmail.com,1976-08-11
mlawrence,M,gomezkristin@gmail.com,1954-05-01
john67,M,kristenpittman@hotmail.com,1971-04-21
lbrown,F,julialarsen@hotmail.com,1950-05-14
teresarodriguez,F,chadbest@gmail.com,1956-01-20
christine80,M,nvelez@yahoo.com,2009-01-22
martinezmelanie,F,tanya97@yahoo.com,1991-09-28
matthewbell,M,susan26@hotmail.com,1940-09-29
ksanchez,F,michael82@hotmail.com,1920-11-03
cordovaderek,F,nspencer@gmail.com,1984-10-15
sherryhill,F,freyes@gmail.com,1976-02-03
gramos,F,vicki63@gmail.com,1980-05-28
ftyler,F,donaldmartin@hotmail.com,1915-01-26
davidandersen,F,brownjames@hotmail.com,1996-12-23
ecox,M,mollybowman@hotmail.com,1941-01-01
jimchapman,F,sally86@yahoo.com,1985-12-21
hmassey,F,ambercrawford@yahoo.com,2007-11-18
astevens,F,gpadilla@yahoo.com,1912-07-11
carpenternathaniel,M,rgreen@gmail.com,1963-03-23
wbutler,M,jessicabaker@gmail.com,1948-03-26
diazzachary,M,sextonheather@yahoo.com,1995-12-23
larrykoch,M,jerryfitzpatrick@hotmail.com,1956-09-17
gnguyen,F,pharrison@yahoo.com,2017-08-20
angelataylor,M,richard98@hotmail.com,1976-11-06
hunter84,M,brittney88@gmail.com,1983-05-30
pennytorres,M,ricardostone@gmail.com,2014-05-30
grantjennifer,M,gary44@gmail.com,1985-05-06
aclements,F,kimberlyware@yahoo.com,1951-08-07
phillipsjennifer,F,jason44@gmail.com,1957-04-01
james76,M,martinanderson@yahoo.com,1959-06-10
mramos,F,morgan08@gmail.com,1995-09-24
alison78,M,jessica97@gmail.com,1992-10-25
ryanwilliams,F,ogomez@yahoo.com,1907-11-14
shawgary,M,robert29@gmail.com,1946-04-19
richard65,M,drodriguez@gmail.com,1998-10-08
jodimartinez,F,joshuahunter@gmail.com,1984-08-14
shaunhensley,F,markjohnson@yahoo.com,1972-07-01
willie27,F,cthompson@hotmail.com,1969-10-14
wwashington,F,renee04@hotmail.com,1953-11-24
jeffrey66,M,donnacarson@yahoo.com,1921-04-28
barryrebecca,F,emilywilliams@yahoo.com,2005-03-18
darryldunn,F,howardemily@yahoo.com,1987-01-27
natalieboyd,M,robinsonannette@gmail.com,2006-05-21
payneanthony,M,rachael97@hotmail.com,1921-07-07
kenneth06,M,jmays@gmail.com,1965-03-27
omoore,F,ihester@yahoo.com,1960-10-07
jennifer90,F,alvarezcharles@hotmail.com,1998-02-15
karl63,M,thorntonvictor@hotmail.com,1949-10-11
william46,F,courtney05@yahoo.com,1968-01-03
powelledward,M,morrisholly@hotmail.com,1912-03-01
jesseorr,M,jose33@hotmail.com,1910-12-04
davidromero,M,martinkenneth@hotmail.com,1917-11-04
inelson,F,michaelasmith@hotmail.com,1909-12-05
ohammond,F,myerssabrina@yahoo.com,1943-07-18
kenneth61,F,brenda53@gmail.com,1981-12-29
oliverrenee,F,christopherwilliams@yahoo.com,1993-10-09
spencerheidi,M,chaseford@yahoo.com,1936-11-28
james13,F,scruz@hotmail.com,2011-05-02
reneevargas,F,jamesporter@hotmail.com,1935-04-21
joserodriguez,M,brooksjane@hotmail.com,1970-03-26
charles50,M,pamelamason@hotmail.com,2000-03-15
paul07,F,rschwartz@gmail.com,1937-03-09
santoshayley,M,lindsayhubbard@yahoo.com,2001-09-12
brandon90,F,dgraham@hotmail.com,1963-11-21
hjacobs,F,jeffrey52@yahoo.com,1987-04-19
stephanie56,M,chavezamy@yahoo.com,1993-02-11
tstevens,M,morenoaaron@gmail.com,1915-02-14
kellykemp,F,tammy84@yahoo.com,1987-04-30
myersdiana,M,margaretbarnes@hotmail.com,2021-04-28
sean03,M,harperrobert@yahoo.com,1933-09-06
michaelsims,F,kerrybrowning@hotmail.com,1951-11-27
ashleygonzalez,F,ghudson@yahoo.com,1909-05-10
wellschristopher,F,gregoryharris@yahoo.com,1922-01-19
larryellis,F,rachelburns@gmail.com,1912-05-27
danielfarley,M,melissareese@hotmail.com,2003-12-03
aliciagomez,M,fernandezrebecca@gmail.com,1928-03-04
tiffanybrooks,F,tonya85@gmail.com,1913-12-11
williambuchanan,F,lwalker@gmail.com,1997-05-01
hlittle,M,georgecheryl@gmail.com,1963-06-17
stephaniediaz,M,kimjason@gmail.com,1966-10-22
schmidtheather,F,garrett97@hotmail.com,1923-12-15
paul28,F,bthompson@yahoo.com,1914-06-11
emartin,M,imendoza@gmail.com,1926-04-03
james60,M,holly22@hotmail.com,1907-08-11
eparrish,F,galvanalicia@gmail.com,1911-09-28
margaret33,F,simmonsjonathan@hotmail.com,1912-02-13
alex87,F,lee16@gmail.com,1919-10-25
xgilbert,M,ashleychavez@yahoo.com,1931-08-13
ipena,F,ybush@hotmail.com,1909-11-11
rossbarbara,M,charlestaylor@hotmail.com,1988-02-14
aaronmaynard,M,rebeccacordova@yahoo.com,1929-04-20
masseydavid,F,sanderscheryl@gmail.com,1908-02-01
annataylor,M,dberry@gmail.com,2011-08-03
teresaking,M,eric98@gmail.com,1968-05-10
ortegakaren,M,sanchezcatherine@gmail.com,1981-07-10
ayoung,F,walkermonique@hotmail.com,1923-07-13
carolynsmith,M,nguyenlisa@hotmail.com,2019-09-21
markbaird,F,phillipsaaron@gmail.com,1988-05-18
janetanderson,M,cody73@yahoo.com,1979-08-14
barbaraperez,M,cjones@yahoo.com,1963-02-06
christophergalvan,M,munozlisa@hotmail.com,1968-08-19
elizabeth30,F,tammyclark@hotmail.com,1952-05-05
michael28,M,daniel55@gmail.com,1974-06-18
christopherwilson,F,ijordan@yahoo.com,1964-02-13
matthew94,M,pamelahardy@hotmail.com,1942-11-09
fgarrison,M,veronica14@hotmail.com,1919-03-27
gomezkimberly,M,reginafuller@yahoo.com,2022-04-20
hreid,F,payneandrew@hotmail.com,1984-09-06
kevin60,F,theodorewarner@hotmail.com,1919-04-10
smithkatie,F,ccox@yahoo.com,1935-11-13
crosales,F,hbush@hotmail.com,2013-08-15
castillojennifer,M,sierra63@gmail.com,1931-12-26
jose99,M,lisa67@yahoo.com,2017-02-26
emily65,M,brianmontgomery@gmail.com,1920-06-15
john49,F,tanya22@yahoo.com,1995-05-29
savagerobert,F,rodriguezjennifer@gmail.com,1941-03-28
scott74,F,clarkheidi@yahoo.com,1932-10-26
shelbybrown,F,stevennguyen@yahoo.com,2014-06-29
fjones,M,joseblackwell@yahoo.com,1910-10-03
craigedwards,M,laurenfrazier@yahoo.com,1993-07-11
angela99,M,kayleeenglish@yahoo.com,1952-11-11
caroline06,M,johnstonrhonda@hotmail.com,1909-04-23
ncraig,F,tracysmith@gmail.com,1918-12-20
bbuck,M,wrightandrew@hotmail.com,1946-02-27
jamesadams,M,ymoreno@hotmail.com,1929-07-26
dylancarey,F,amywong@yahoo.com,1989-01-22
catherinelong,M,hromero@yahoo.com,1996-07-26
emilyhowell,M,dianerangel@gmail.com,1967-10-07
allison78,M,cynthiasherman@gmail.com,1932-06-27
pattersonmegan,M,alyssa17@yahoo.com,1920-08-20
christian63,M,james49@gmail.com,2008-11-05
awilliams,M,griffinbecky@hotmail.com,1980-04-02
smurphy,F,angeldonovan@gmail.com,1983-06-26
sophia97,F,pmartinez@hotmail.com,1914-11-12
turnerlatoya,M,morgan39@gmail.com,1994-05-17
kberg,M,brittany28@gmail.com,1907-06-09
cruzchristine,F,kevin62@gmail.com,1915-01-15
lnichols,F,brittany51@hotmail.com,1990-10-13
laurenbell,F,campbellvincent@hotmail.com,1961-10-31
idavis,M,goodmanjason@gmail.com,1907-11-29
danielbrock,F,kphillips@gmail.com,1961-06-30
bbell,M,thompsonamy@gmail.com,2005-03-19
eevans,F,charlottehoward@gmail.com,1907-12-22
jessicaherring,F,kara96@yahoo.com,1912-07-10
ashleylawrence,M,kentmichael@gmail.com,1920-07-03
jmcintyre,F,slowe@yahoo.com,1982-01-27
cbarber,F,elizabethwaters@yahoo.com,1912-05-16
spencer50,F,maguirre@hotmail.com,1915-12-31
allison47,M,jerome94@gmail.com,2000-03-22
patricia15,F,isaac38@yahoo.com,1908-02-24
andrewsmichelle,M,zjones@hotmail.com,1920-02-21
ashley85,M,tyrone78@hotmail.com,1990-11-26
rushgabriela,M,samuel88@gmail.com,1981-09-21
ghumphrey,M,gsosa@gmail.com,1942-12-30
qherrera,F,stephaniesimon@hotmail.com,2015-12-05
aimeelopez,F,fostercraig@yahoo.com,2012-07-17
choward,F,vanessaserrano@gmail.com,1968-02-06
regina07,M,jonathangallagher@gmail.com,1919-01-31
loriwilson,F,richardsonbrittany@gmail.com,1947-12-03
chadevans,F,ohoffman@hotmail.com,2019-03-14
houstoncaroline,F,annette04@gmail.com,1956-10-23
mmiller,F,jacob51@gmail.com,1959-07-09
michellemccarthy,M,david80@gmail.com,2019-06-11
johncox,F,sonyaray@hotmail.com,2005-01-26
efoster,F,rwong@hotmail.com,1969-08-13
josephmolina,F,codyferguson@gmail.com,1983-11-07
jacobsmith,M,scotthughes@gmail.com,1931-08-26
edward39,F,pamela71@hotmail.com,2020-04-19
fmartin,M,jenniferwagner@hotmail.com,1948-07-22
hfrank,M,christopher41@gmail.com,1925-04-05
toddphillips,M,stevenhughes@hotmail.com,2004-06-22
watkinsjared,F,michaelmatthews@gmail.com,1968-05-08
garciajames,M,pcurtis@gmail.com,1917-08-19
rhammond,F,jmiller@yahoo.com,1948-03-23
tabitha19,M,fgilbert@gmail.com,1910-02-13
ycooper,F,millerlance@hotmail.com,1968-03-06
maryjackson,F,christina99@yahoo.com,2008-03-30
mirandamann,F,sean94@hotmail.com,1991-02-06
francisjeanette,M,lambmark@gmail.com,1952-11-07
ehart,M,bgreen@yahoo.com,1933-08-31
kjohnson,M,ygraves@yahoo.com,2004-10-04
colebrandon,F,cameron89@gmail.com,1974-10-22
bradley99,F,jeffrey09@gmail.com,2008-12-27
mariah35,F,kyle26@gmail.com,1915-09-15
xgonzalez,F,vdaniels@hotmail.com,1998-04-11
xking,F,scottcunningham@yahoo.com,1971-03-07
randallanderson,M,michaelhill@gmail.com,1980-09-21
mnavarro,F,tyang@yahoo.com,1998-08-12
jordanpaul,M,medinajack@hotmail.com,2005-09-06
joannaparker,M,zachary36@gmail.com,2008-10-11
tylerlaurie,F,wilsonjulie@hotmail.com,2003-12-15
farmerkatherine,M,lberry@yahoo.com,2011-11-13
uanderson,F,nicolecooper@yahoo.com,1923-09-16
jacqueline91,M,aholt@gmail.com,1990-12-08
lmueller,M,brownstephanie@gmail.com,1973-12-03
martinstacy,F,delgadonicholas@hotmail.com,2009-02-06
mccarthyjames,F,wigginsjeffrey@yahoo.com,1925-10-20
davisjessica,M,matthewmartin@yahoo.com,1930-06-01
uhull,F,charlesjohnson@gmail.com,1969-04-26
fcarter,M,cmejia@hotmail.com,2017-04-20
brittany02,M,bsimpson@gmail.com,1966-07-04
daviswendy,F,martinezterry@yahoo.com,2018-01-16
margaret56,F,jackrodriguez@yahoo.com,1910-07-24
silvamisty,M,pchang@hotmail.com,1984-11-28
valdezrobert,F,riveracharles@gmail.com,1951-08-06
robert86,F,chadgillespie@hotmail.com,1918-02-04
bensonmichael,F,trevorlewis@yahoo.com,1930-04-28
wrobinson,F,sgarcia@hotmail.com,1967-05-12
charles22,F,marybentley@hotmail.com,1931-05-17
bowmanmatthew,F,lyncherin@yahoo.com,1985-04-14
amullins,F,trios@hotmail.com,1998-09-26
marvin99,M,wayneskinner@hotmail.com,2011-04-08
lisawatson,F,ochoaerika@hotmail.com,1957-04-23
zmiller,M,reedlindsay@hotmail.com,1915-08-26
wbrandt,F,rlivingston@yahoo.com,1928-03-22
steve39,M,lindsaysheppard@gmail.com,1962-05-06
michaelcarter,M,alexanderjones@hotmail.com,1981-02-24
roblesjoseph,F,jamescombs@gmail.com,1963-09-25
qmcdonald,F,faith72@hotmail.com,1928-06-26
mnichols,M,coxchristopher@yahoo.com,1998-05-28
smithtracy,M,hsmith@gmail.com,2020-10-17
gboyer,M,matthew92@gmail.com,1948-12-14
fernandogarza,M,fbrown@yahoo.com,1922-04-07
michele39,F,colemansue@hotmail.com,1950-10-09
jenniferallen,M,wbentley@hotmail.com,1992-06-02
tracyharris,M,thompsonamy@gmail.com,1976-06-16
wrightbarbara,F,allenryan@yahoo.com,1988-02-13
brendasharp,M,wardjason@hotmail.com,1907-10-31
christopher53,M,vickimitchell@hotmail.com,1935-02-04
erikarice,M,joshuajohnson@gmail.com,1913-06-28
melissa96,M,davidwilliamson@gmail.com,2021-05-06
christina36,M,mlee@hotmail.com,1995-03-05
veronicaadams,M,tayers@hotmail.com,1951-04-28
pamela39,F,uevans@yahoo.com,1930-09-27
vbray,M,qbrown@gmail.com,2019-08-11
prodriguez,F,timothymartinez@hotmail.com,2023-04-04
cwest,M,matthew30@gmail.com,2019-11-13
roseyoung,F,lawrencesheppard@hotmail.com,1956-07-18
olsonchristina,F,nixonmatthew@gmail.com,2021-04-30
jill60,F,thomasparker@hotmail.com,1941-02-09
rodriguezmark,F,susanrichards@yahoo.com,1973-05-25
fischerdavid,M,vanessaclark@gmail.com,1917-05-24
vkaiser,M,cbryant@gmail.com,1941-08-16
qbond,F,daniellesmith@gmail.com,1946-11-11
natalie47,F,robert85@hotmail.com,2013-01-05
burkejessica,M,hudsonjoe@gmail.com,1993-01-25
dixonsarah,M,steven61@yahoo.com,1980-04-20
thomasgregory,M,lisa65@gmail.com,1937-09-03
carolyn05,F,dingram@yahoo.com,1943-12-23
melissa63,F,alexandrabrown@yahoo.com,1984-05-25
shirleyschmidt,F,mcbridealbert@hotmail.com,2002-10-02
qstanley,M,staceydoyle@hotmail.com,1944-10-19
jason01,F,julie96@hotmail.com,1923-05-10
alexisward,M,joseph36@yahoo.com,1961-05-27
mckenziejoseph,F,reneekim@hotmail.com,1915-08-25
christinakim,M,austin95@gmail.com,1935-04-14
regina51,F,tyler70@gmail.com,1996-10-09
zgilbert,M,ltaylor@gmail.com,2018-10-06
shawn07,F,cmanning@gmail.com,2006-12-16
susancamacho,M,stephen29@gmail.com,1944-06-30
charles56,F,davisrebecca@hotmail.com,2005-10-21
mark07,M,moralesrichard@yahoo.com,2021-09-21
pharding,F,theresa95@yahoo.com,1935-11-03
benjamin18,F,yli@gmail.com,1967-02-09
abigail49,F,elizabethjenkins@gmail.com,1984-06-13
julia95,F,lopezchristopher@gmail.com,1926-09-30
madison17,M,phelpstina@hotmail.com,1927-11-16
blackmatthew,M,smithamy@yahoo.com,1986-12-26
weeksjanice,M,dpierce@gmail.com,1947-03-30
pattersonmarilyn,F,anthony14@gmail.com,2022-05-20
mhowell,M,astevens@yahoo.com,2007-11-24
bnunez,M,taylorkevin@gmail.com,1996-12-12
edwardcain,F,amandagriffin@hotmail.com,1969-07-04
christopherfernandez,M,starknicole@yahoo.com,1993-04-21
jholland,F,joshua68@yahoo.com,1996-11-20
jeffreyaguirre,F,tgibson@hotmail.com,1933-11-27
krollins,M,robertsontyler@gmail.com,1914-01-08
along,M,smason@hotmail.com,1918-06-30
smithnicole,F,ohowell@hotmail.com,1977-06-30
katherine76,M,goldenharry@yahoo.com,2009-12-31
benjaminvincent,M,rollinsgeorge@gmail.com,2021-11-30
ballardmatthew,M,maria93@gmail.com,1928-06-28
michaelhunter,M,qhaynes@yahoo.com,1957-04-10
kstrickland,F,griffinmichelle@gmail.com,2012-09-02
paul67,F,bryantjoyce@gmail.com,1948-08-17
jason42,M,smithchelsea@yahoo.com,1997-12-14
donald58,F,yolanda85@yahoo.com,1978-09-08
michael33,F,kevinsmith@gmail.com,2005-09-14
aatkinson,F,wanda31@gmail.com,1932-10-04
eric91,F,lewisregina@gmail.com,1997-02-24
jonathanmiller,M,wilsonderek@hotmail.com,1993-09-19
bdaugherty,M,leah35@gmail.com,1957-10-25
greeneamber,M,brownjoshua@hotmail.com,1989-02-02
juliaballard,F,lewisbrenda@hotmail.com,1997-11-05
amyers,F,awilliams@gmail.com,1933-07-16
petersbrian,M,timothylarson@gmail.com,1932-12-07
dixonjamie,M,ronaldwilliams@hotmail.com,1973-09-25
drew83,M,lrojas@yahoo.com,1974-06-27
yvonneschwartz,M,daniel73@hotmail.com,1954-12-27
gabriellemontgomery,F,john20@hotmail.com,2023-04-03
frank26,M,corykennedy@yahoo.com,1909-04-23
williamscynthia,F,michelle29@hotmail.com,1958-04-19
christopherhernandez,F,aarongreene@hotmail.com,1979-11-23
matthewbauer,F,djones@hotmail.com,1913-01-30
hernandezkelsey,M,uellison@hotmail.com,1959-11-21
douglasfitzpatrick,F,timothywhite@gmail.com,1907-05-08
bakerkatie,M,sarahcoleman@hotmail.com,1968-09-17
ynguyen,F,millererin@hotmail.com,1931-11-24
hailey32,M,natashalawrence@yahoo.com,1945-12-07
mario46,M,thomas71@hotmail.com,1986-01-13
javierchandler,M,jeremymyers@yahoo.com,1938-05-31
scott10,F,tallen@hotmail.com,2005-03-11
jmiller,F,greenlinda@yahoo.com,1910-06-24
joshua20,F,jyoung@yahoo.com,1917-02-07
hendrixellen,F,josephjoseph@yahoo.com,1929-12-30
teresagraham,M,westmariah@gmail.com,1994-08-11
curtis05,F,ldavis@gmail.com,1920-05-23
lopezdorothy,M,jessica49@gmail.com,1925-08-21
gharrison,F,jasondominguez@gmail.com,1983-02-18
kayla41,M,zdorsey@gmail.com,2013-10-04
ethompson,F,nguyenaudrey@hotmail.com,1964-10-20
millsmatthew,F,kenneth02@hotmail.com,1947-12-29
sanchezcarmen,F,davehicks@yahoo.com,1929-09-24
tconrad,F,coreymontoya@yahoo.com,1964-02-09
toddglover,M,vcampos@yahoo.com,1972-09-08
mcneilalexander,M,matthewstevens@yahoo.com,1921-10-14
karla36,M,douglas41@yahoo.com,1995-01-07
delgadojulie,F,nathantaylor@hotmail.com,1963-08-31
bmichael,F,tiffany63@hotmail.com,2010-09-10
alyssaortega,F,deniseyoung@yahoo.com,1998-11-06
ymacias,F,jacksonphillip@hotmail.com,1997-04-10
matthew35,M,wrich@hotmail.com,1963-09-23
rodneyjimenez,F,abigail20@gmail.com,1956-01-21
kimberly93,F,leslieoconnor@gmail.com,1941-12-01
michaelclark,M,ericamccarthy@hotmail.com,1920-01-08
phelpstammy,M,wallacejason@yahoo.com,1977-08-20
thomas06,M,loganrebecca@hotmail.com,1992-06-07
veronica20,M,moniquebrown@hotmail.com,2019-05-11
heather59,F,davidbranch@gmail.com,2012-08-02
iparsons,M,jeffrey76@gmail.com,1926-05-14
uscott,F,donnaadams@yahoo.com,1911-08-22
stevensconnor,M,alexander24@yahoo.com,2019-06-03
brianlewis,M,marcusadkins@hotmail.com,1980-10-08
carrolljames,F,lwalker@hotmail.com,1936-01-11
gjackson,M,sgeorge@gmail.com,2011-10-23
jenny27,M,kennethlopez@yahoo.com,1969-08-01
jennifer21,M,grimestoni@yahoo.com,2021-05-12
pricedennis,M,hannah88@gmail.com,1954-04-13
smack,F,cartermark@gmail.com,1937-12-09
danielle84,M,martinezmichelle@gmail.com,1971-05-11
sarahblackwell,F,michaelparker@gmail.com,1941-12-12
charlottemiller,M,travis35@gmail.com,1925-05-03
gabriella40,F,susan67@yahoo.com,1945-04-15
alexandra30,M,wilsonalisha@hotmail.com,1947-06-03
carrievalenzuela,M,lisa14@hotmail.com,2019-04-11
andersonmargaret,M,glendawarren@gmail.com,1945-03-04
matthewsbrian,F,qhudson@hotmail.com,1949-10-10
dedwards,F,mariah17@hotmail.com,1984-07-03
vibarra,M,carlsonmolly@hotmail.com,1955-10-30
aaronmeyers,M,anna77@hotmail.com,2020-06-06
david86,M,nancykerr@yahoo.com,1928-07-02
richardsonmichele,F,andersonashley@yahoo.com,1983-09-03
tanderson,M,jodi42@yahoo.com,1979-06-19
khall,M,brenda65@yahoo.com,1946-06-17
joshua09,M,nelsonmark@yahoo.com,2021-05-20
irivera,F,xhess@gmail.com,2011-01-12
thompsonstuart,F,melissasanchez@gmail.com,1914-06-09
gburke,F,geraldmartinez@yahoo.com,1967-03-20
palmerdouglas,F,zachary99@hotmail.com,1973-06-20
bryanlawson,M,cmartin@hotmail.com,1933-10-15
millerjamie,F,lisa47@yahoo.com,1964-10-25
sotorobert,M,ikelly@gmail.com,1945-01-30
robertrobinson,F,marialeonard@gmail.com,1961-12-28
stacy98,F,william71@yahoo.com,1938-10-03
marco35,F,gwhite@gmail.com,1991-08-08
michaelperez,F,ssmith@yahoo.com,1914-12-21
ruizjoshua,M,jordanjacqueline@yahoo.com,1995-09-22
victoriasmith,M,joshuahamilton@hotmail.com,1985-12-30
grant32,F,morrismolly@yahoo.com,1907-08-09
markphillips,M,townsendantonio@yahoo.com,1999-10-25
kristinmorgan,F,reginald45@gmail.com,1991-11-22
ladkins,F,kglover@yahoo.com,1949-02-19
williamsjared,F,lauren91@yahoo.com,1946-08-30
roberta22,M,bschaefer@hotmail.com,1941-07-06
alicia95,M,jessica26@yahoo.com,2000-03-28
yangkimberly,M,waltonmary@yahoo.com,1956-10-01
austin10,F,fjacobson@hotmail.com,1944-11-12
qdavis,F,colewilliams@yahoo.com,1969-08-18
broman,M,nelsonadam@hotmail.com,1959-05-26
sharonmelendez,F,jessica10@gmail.com,1951-06-06
brooke83,M,william03@yahoo.com,1920-06-03
johnsonlaura,M,thomas31@hotmail.com,1980-07-26
petersondaniel,M,phyllismoore@yahoo.com,1949-11-28
cwagner,F,murilloashley@gmail.com,1956-01-02
kaylaphillips,F,amypena@gmail.com,2004-02-18
alexishiggins,F,ewilliams@yahoo.com,1924-01-15
john02,F,christopher06@gmail.com,2022-04-25
harold08,F,acopeland@yahoo.com,2005-06-06
granttimothy,F,emma16@hotmail.com,1993-11-30
ncooper,F,heidi70@gmail.com,1962-08-12
christopher10,M,kevintrujillo@gmail.com,1909-12-10
lopezchad,F,michael24@hotmail.com,1995-12-29
rosecraig,F,tkline@yahoo.com,1959-10-03
diane48,F,lucas07@gmail.com,2021-08-11
benjaminpatel,M,vschultz@gmail.com,1955-02-21
pachecosteven,M,mckinneydiane@yahoo.com,1955-01-24
edward82,M,pearsontristan@yahoo.com,2016-04-22
patrick05,M,baxtererika@gmail.com,1986-05-13
kelly15,M,allendebra@gmail.com,1928-05-06
claytonhodge,F,deansellers@hotmail.com,1909-09-08
jesse46,M,jessicamejia@hotmail.com,2021-07-09
amanda69,F,austinpayne@gmail.com,1944-12-25
adamcurry,M,eritter@gmail.com,2006-07-02
lamblisa,F,lindamcpherson@yahoo.com,1978-06-01
jacksonchristian,F,fbernard@gmail.com,2006-12-03
gjimenez,M,eroth@hotmail.com,1918-05-06
christopher55,F,timothyewing@hotmail.com,1963-08-07
guy36,F,robyn00@yahoo.com,1907-05-07
haley93,M,alan66@gmail.com,1939-03-07
ochapman,F,castanedaalexandria@gmail.com,1977-04-08
michael18,F,kimberly97@gmail.com,1911-01-28
austinluis,M,kavila@gmail.com,2015-08-21
mitchellreynolds,F,leemichael@gmail.com,2008-07-08
eric59,M,iflores@yahoo.com,1957-04-23
mbrown,M,corey40@gmail.com,1974-12-29
fmurphy,F,paula83@yahoo.com,2014-06-06
heathercarr,M,shawnrobinson@yahoo.com,2012-04-09
vbarker,M,abowers@hotmail.com,1927-06-27
qwallace,M,melissa33@yahoo.com,1942-09-04
markrodriguez,F,megan21@yahoo.com,1957-09-04
aaronrobinson,F,vrogers@gmail.com,1991-02-18
salazarkevin,M,garciarichard@gmail.com,1944-04-18
rharmon,M,timothy62@hotmail.com,1950-02-24
suttonmarc,M,mary93@hotmail.com,1941-03-18
daniel05,M,linda28@gmail.com,2007-05-13
heatherstevens,F,shannonstephens@gmail.com,1932-06-23
heathersmith,M,gglenn@hotmail.com,1966-08-01
patriciapowell,M,cchang@yahoo.com,2008-03-06
tapiabrenda,M,smithkayla@hotmail.com,1933-01-02
rjones,F,bryanmoore@yahoo.com,1982-04-13
dianemcgee,M,flemingrebecca@yahoo.com,1939-07-27
kpena,M,hparker@hotmail.com,1963-08-14
cohenstacy,F,johnvargas@gmail.com,1974-11-19
vali,M,jennifermendoza@gmail.com,1923-02-25
jdaugherty,M,shanevaughn@gmail.com,1945-01-24
taylor69,F,collinsmichael@gmail.com,1965-06-12
ssingh,F,ejennings@yahoo.com,1962-12-22
dalvarez,M,nicholas75@yahoo.com,1929-07-19
frobbins,M,natasha19@gmail.com,1972-12-16
courtneysmith,F,ujackson@gmail.com,2012-11-19
megan13,M,paigepatel@yahoo.com,1915-08-01
jbrown,F,rowlandcraig@yahoo.com,1911-09-16
millermary,F,orrdenise@hotmail.com,1922-03-14
cynthiawilliams,M,reednancy@gmail.com,1958-10-30
ibaldwin,M,gowens@hotmail.com,1968-06-16
snyderamy,F,hevans@gmail.com,1963-08-15
christopher67,F,kevin54@gmail.com,1965-12-25
wallacemary,M,zjohnson@yahoo.com,1961-05-25
jeremyscott,F,bushrobert@yahoo.com,2008-12-06
leslie89,M,mcmahontimothy@hotmail.com,1963-03-21
hwolfe,M,kenneth93@yahoo.com,1932-10-16
richardsonchristina,F,alisonthomas@hotmail.com,1963-11-03
adrian72,F,aporter@yahoo.com,1982-12-11
marshallselena,M,mackenzie70@yahoo.com,1995-08-02
donald61,F,john58@hotmail.com,1963-08-15
joannemiller,F,heather66@hotmail.com,2014-05-25
hubbardbrenda,M,fritzrobert@hotmail.com,1934-05-09
janetcrawford,M,stanleystephen@yahoo.com,1998-07-21
vwarner,M,brussell@hotmail.com,1961-10-09
msanders,M,cmiller@hotmail.com,1919-08-24
jamesparker,M,markbarry@hotmail.com,1961-06-20
karen27,F,martha19@hotmail.com,1945-05-12
rowemonica,F,john18@gmail.com,2002-12-23
bchapman,F,amanda24@gmail.com,1974-05-01
charles52,M,stewartkenneth@gmail.com,1910-12-25
leslieadams,M,matthewgiles@hotmail.com,1974-10-06
smunoz,M,martinchase@hotmail.com,1955-10-12
shelley59,M,vyoung@gmail.com,1993-01-27
katelyn06,M,jdorsey@gmail.com,1932-03-07
ibarker,M,charlesgraham@hotmail.com,1993-09-29
wilsonrebecca,F,albert91@gmail.com,1928-05-29
georgebond,M,pamela68@hotmail.com,2018-01-17
kelleybobby,F,jennifermurphy@yahoo.com,1932-09-22
karmstrong,F,kjarvis@hotmail.com,1914-07-23
williamsdustin,F,jeremyharris@yahoo.com,1972-11-01
reyesjonathan,F,matthewskristine@gmail.com,2011-04-11
hardymichael,M,nicolepittman@hotmail.com,1951-09-02
nancykidd,M,maria44@hotmail.com,1924-07-22
santoscatherine,M,cody18@hotmail.com,1949-04-05
michealreyes,F,richardmartin@gmail.com,2003-09-09
troyprice,M,kyle30@yahoo.com,1998-11-15
ngreen,M,websterann@gmail.com,1930-05-09
anthony43,M,nicholas36@yahoo.com,1963-07-27
vanessa28,M,aguilarwilliam@hotmail.com,1962-10-20
pamhoffman,F,meyerstammie@yahoo.com,2021-01-12
jonathanhumphrey,M,mary14@yahoo.com,1946-04-28
kerrirandolph,F,deborah22@gmail.com,1972-05-03
elizabethfrazier,M,kennethmiller@yahoo.com,1984-04-18
mary68,M,kelly69@gmail.com,2003-11-10
hallcarol,F,gregorykirsten@hotmail.com,1915-07-29
carl89,M,heidi41@yahoo.com,1959-05-06
laura23,F,brent08@yahoo.com,1916-02-04
anna51,F,pereznicholas@yahoo.com,1981-11-07
jameschan,F,cmorris@yahoo.com,1920-08-12
yubrandon,M,nicoleconner@hotmail.com,1974-01-05
kunderwood,M,adambaker@gmail.com,1996-10-21
andrea38,F,fgraham@yahoo.com,1907-04-19
arosario,F,reesejoshua@gmail.com,1908-06-14
martinjustin,M,bvasquez@hotmail.com,1969-10-08
jenna73,M,alejandraodom@hotmail.com,1920-11-08
laurenrojas,F,knightscott@yahoo.com,1926-12-02
davidmorgan,M,orichard@yahoo.com,1987-05-23
ellenthompson,M,alexandra86@yahoo.com,1988-05-27
kaufmansherri,F,jmcdonald@hotmail.com,1983-03-09
robertanderson,M,davidabbott@yahoo.com,1939-08-28
danataylor,F,elizabeth08@yahoo.com,1993-03-25
robert83,F,jacob42@gmail.com,2022-04-30
cynthia63,F,ddunlap@gmail.com,1955-09-12
stacy74,F,kristopherjohnson@gmail.com,1990-05-18
ray49,M,hayden26@hotmail.com,1922-07-20
roberthahn,F,joann68@gmail.com,1939-09-24
nicholas31,F,cynthia80@hotmail.com,2021-07-04
lindsayvance,M,jonesdaniel@hotmail.com,1939-11-28
nvazquez,M,davidpeterson@yahoo.com,1996-06-12
kburgess,M,martinpaula@yahoo.com,1943-09-22
kimberlymcneil,F,msloan@hotmail.com,1941-12-12
timothybrown,F,craigsteven@yahoo.com,1908-08-11
johnsonangela,F,rebecca26@yahoo.com,1983-09-02
rwoods,M,cindywhite@yahoo.com,1995-08-06
hooderika,M,hansonjeffrey@hotmail.com,1908-03-25
gallagheranthony,M,dustinelliott@gmail.com,1953-11-12
tami17,F,howardhanna@hotmail.com,1943-06-05
solomontraci,F,iperry@gmail.com,1915-07-19
dballard,M,juliamadden@hotmail.com,1923-07-20
nprice,F,justingilbert@hotmail.com,1988-07-18
rebeccasloan,M,riveralisa@yahoo.com,2002-09-01
coryadkins,M,marissagilbert@yahoo.com,1909-11-19
kevinsanders,M,trevor29@yahoo.com,2003-04-01
xlane,M,zhangbrian@hotmail.com,2022-09-12
robin72,F,greencraig@yahoo.com,1939-07-06
monica44,F,logan18@gmail.com,1950-09-19
oduran,M,cannonjason@yahoo.com,2020-10-08
ehernandez,F,twarren@hotmail.com,1930-03-11
gordontaylor,M,jacob60@hotmail.com,2004-11-12
glove,F,jmorrison@yahoo.com,1923-07-08
tina88,M,chanjacob@gmail.com,1941-02-16
kevinterrell,F,angela89@gmail.com,1930-06-29
christopher99,M,michelleglover@yahoo.com,1951-12-27
hessgrace,F,robert36@yahoo.com,1993-04-19
browneric,F,rgross@yahoo.com,2022-06-28
timothy57,M,porterelizabeth@gmail.com,1925-11-18
philip15,F,vowens@yahoo.com,2019-09-08
sherry93,F,sarah67@yahoo.com,1961-03-05
cindyhudson,M,thansen@yahoo.com,1957-03-01
rrodgers,F,nathaniel65@yahoo.com,1982-05-11
penaclaudia,F,jacquelinemartin@gmail.com,1928-06-29
juan05,F,geraldkemp@yahoo.com,1936-10-13
michaelfuller,M,alyssa58@yahoo.com,1985-01-23
pearsondavid,F,scottchristopher@yahoo.com,1961-07-25
brenda58,M,juliemeza@hotmail.com,1922-06-09
smartinez,F,morrisonamy@hotmail.com,1999-08-14
ricardodickerson,M,cesar57@yahoo.com,1946-11-28
christina60,F,matthewsmaurice@hotmail.com,2005-04-10
rojasrodney,F,pattersonpeter@yahoo.com,1970-02-23
dmalone,M,veronica39@hotmail.com,1924-11-20
timothy05,F,jennifer45@hotmail.com,1936-10-17
leroy58,F,georgedavid@hotmail.com,1969-10-21
allennoah,F,john27@hotmail.com,2001-12-12
daniel71,M,martinmary@gmail.com,1969-03-26
lcarter,M,krobertson@yahoo.com,1965-01-29
youngbrittney,F,leslie60@yahoo.com,1930-11-24
cherylhampton,M,wendymartinez@yahoo.com,1997-07-24
powelllaura,M,mark78@hotmail.com,1933-05-05
jason96,F,michael51@gmail.com,1945-09-23
weaverkristen,F,megan68@gmail.com,1925-01-25
markoconnor,F,leslie45@yahoo.com,1974-08-25
joshua06,M,johnsonwendy@hotmail.com,1947-02-25
barbara95,F,dawsonchris@hotmail.com,1975-07-04
morrowjames,M,anthonyruiz@hotmail.com,1953-03-01
marywarren,M,qbruce@hotmail.com,1956-08-02
johnwyatt,M,whanson@gmail.com,1985-06-20
jeffrey12,F,lisa59@yahoo.com,1964-12-31
james80,F,vstewart@hotmail.com,2007-06-17
fuenteslance,M,vincent73@gmail.com,1951-05-29
sarahanderson,M,duffyronnie@hotmail.com,1954-11-21
brian31,F,dfriedman@gmail.com,1973-11-23
donaldjimenez,M,stevensondanielle@yahoo.com,1949-01-01
lisa46,F,palmerlori@hotmail.com,1963-05-06
burnsrhonda,M,yclements@gmail.com,1926-03-23
dward,M,melissabrown@gmail.com,1921-09-24
loriturner,F,stephanieturner@gmail.com,1918-10-16
kjones,M,connie98@hotmail.com,1993-07-30
rick79,F,hughestodd@yahoo.com,1988-07-13
dcarrillo,M,amandahill@hotmail.com,1991-06-16
meganpayne,M,cfoley@hotmail.com,1919-05-31
carterkeith,F,amber60@gmail.com,1958-01-15
laurie63,F,crawfordjames@hotmail.com,2010-09-28
joseph50,M,kylie75@gmail.com,1995-05-24
martinevans,M,dustin73@hotmail.com,1974-09-26
mcconnellpatricia,M,twilliams@yahoo.com,1938-02-25
adamnunez,F,tiffanysanchez@gmail.com,1998-06-10
drewfaulkner,M,amy25@hotmail.com,2001-07-05
gmarquez,F,smithkelly@hotmail.com,1963-06-10
edwardskim,F,smalltasha@gmail.com,1913-07-12
vlopez,F,amy64@hotmail.com,2023-02-04
sherryhurley,F,justin15@gmail.com,1973-01-24
zburch,M,james60@hotmail.com,2022-04-21
logan86,M,melissarios@yahoo.com,1998-10-14
tmurray,F,ucampbell@gmail.com,1930-11-12
sarah64,M,debraschmitt@yahoo.com,1927-01-28
frankvargas,M,deborahjohnson@gmail.com,1924-10-01
grahamjames,M,hamiltongregory@yahoo.com,2022-07-25
michelle54,M,juan07@gmail.com,1931-10-21
qpena,M,kimberly11@gmail.com,1997-04-29
donnakennedy,M,drivers@gmail.com,1991-05-06
maryanderson,F,jessica92@yahoo.com,2000-06-09
pabbott,F,hermanchad@hotmail.com,1977-09-26
barbarabrooks,M,pattersonkristen@gmail.com,1954-07-25
whiteangela,F,shelbylopez@gmail.com,1970-11-23
ericmyers,F,amyjohnson@gmail.com,1982-04-08
leemanuel,F,myersbelinda@hotmail.com,2018-01-29
hjenkins,F,grahamdonna@hotmail.com,1925-04-17
amberrodriguez,M,david47@gmail.com,1971-10-14
andrewmcdowell,F,xmiller@hotmail.com,2013-08-12
ywarren,M,harristimothy@gmail.com,1909-11-11
jasmine38,M,moorerachael@gmail.com,1996-01-30
victoredwards,M,evan26@yahoo.com,2015-12-24
taylorgarcia,M,owhite@hotmail.com,1967-09-24
jesseswanson,F,samantha79@yahoo.com,1997-10-24
jacob82,F,ishaw@hotmail.com,1951-04-11
uhaas,F,traci08@hotmail.com,2009-01-06
josephsandoval,F,weavermatthew@yahoo.com,2020-02-29
campbellsusan,M,hcruz@yahoo.com,1978-04-15
carlosshelton,M,ljackson@gmail.com,1988-09-11
herbertwalker,F,ingramjasmine@yahoo.com,1966-03-22
cindyprice,F,valenzuelaanthony@yahoo.com,1950-05-25
christopher60,F,greenjessica@gmail.com,1985-11-20
williamsstacey,F,jacksonrobert@yahoo.com,1991-11-21
alewis,M,bsmith@hotmail.com,1939-01-20
jeffrey96,F,qstevenson@yahoo.com,1914-01-04
deborah40,M,jenniferbates@hotmail.com,1996-08-03
phillipwilson,M,millertodd@hotmail.com,1932-05-07
guybray,F,michael54@gmail.com,2005-04-07
thomas27,F,montgomerydonald@gmail.com,2021-02-13
lauramatthews,F,zjames@hotmail.com,1985-12-08
ashley03,M,rachel40@hotmail.com,1938-07-21
adriennehamilton,M,mossmelinda@hotmail.com,1943-08-15
oliverkyle,F,troy35@hotmail.com,2016-08-22
davidcoffey,F,meagan05@yahoo.com,1989-10-18
nathan74,F,norrisstephen@gmail.com,1981-06-28
fitzgeraldchristina,M,lauraosborn@hotmail.com,1944-07-22
mrodriguez,F,sara26@yahoo.com,1910-11-29
melvinmunoz,M,kevin59@hotmail.com,1984-11-21
bryan41,F,johnny34@yahoo.com,1964-10-20
christopherroberts,M,wconrad@yahoo.com,1991-06-21
bakerchristopher,F,gibsonkim@hotmail.com,1936-07-30
ronald43,F,vsanchez@gmail.com,1909-08-23
robertknox,F,michellesmith@hotmail.com,1918-10-27
brittanycooper,F,hpoole@yahoo.com,1910-08-08
ricardo09,M,pdixon@yahoo.com,2015-12-20
mccoygregory,F,paul45@yahoo.com,2022-01-11
deannaperez,M,wharrington@hotmail.com,2013-03-08
oreeves,M,lauraproctor@yahoo.com,1924-01-31
monicasantana,M,jennifer14@gmail.com,1907-07-20
hunttracey,M,joseph88@yahoo.com,2004-05-29
amber64,F,anthony30@yahoo.com,1955-12-27
bethbell,F,edward72@hotmail.com,1953-11-26
khancock,M,joshua80@hotmail.com,1980-05-19
brownjohn,M,nathanielbrown@yahoo.com,1956-12-26
hallphillip,F,bethsteele@yahoo.com,2008-02-27
nicolechandler,F,leekathryn@yahoo.com,1947-12-20
butlercourtney,F,joe15@hotmail.com,1987-11-14
michael53,F,juliancosta@gmail.com,1925-01-13
ericstewart,M,christophersimpson@gmail.com,1930-08-11
rodriguezrobert,M,hendersonconnie@yahoo.com,1972-08-23
natalie38,F,vwood@gmail.com,1985-04-06
stonetheresa,M,farmerandrea@hotmail.com,1973-05-07
josephpage,M,teresagraves@gmail.com,1934-09-21
odonnellbrandon,M,mccluretheresa@hotmail.com,2013-09-07
wilsonchristina,M,jennifer35@gmail.com,1958-10-30
deborahpugh,M,bfoster@hotmail.com,1972-02-22
martinezchristina,F,rebeccawilliams@yahoo.com,1928-01-27
gsmith,F,robertsmackenzie@hotmail.com,2017-11-06
wgomez,F,sara91@gmail.com,2005-02-17
rodney09,F,jonathanmatthews@hotmail.com,2007-05-22
nblackburn,F,michaelhancock@hotmail.com,1935-09-11
bellmichael,F,thall@hotmail.com,1957-08-07
allenaustin,F,joselee@hotmail.com,1976-06-02
vdavis,M,davidsonjamie@gmail.com,1944-01-04
donaldwilliams,M,grantmiguel@yahoo.com,1984-10-11
mark96,M,keysusan@gmail.com,1936-10-11
belltiffany,F,gpitts@hotmail.com,1984-03-27
lindsaylewis,F,ronnie81@hotmail.com,1999-09-10
gwilson,M,helliott@hotmail.com,1923-02-14
ramirezteresa,M,dcalderon@yahoo.com,1946-07-05
zrobinson,F,norma39@yahoo.com,2016-11-13
acollins,M,fespinoza@gmail.com,1992-03-06
jacksonerika,M,brian12@yahoo.com,1941-07-04
lori05,M,afox@gmail.com,1930-11-05
kimberly65,F,droy@yahoo.com,1988-02-21
valerielewis,F,richard61@gmail.com,1952-03-10
griffithjessica,M,wallacejames@yahoo.com,1996-10-21
steven98,F,qbrandt@gmail.com,1972-09-11
benjaminhancock,F,jamesjoshua@yahoo.com,1957-12-30
jmoreno,F,wagnereric@hotmail.com,1913-07-20
iswanson,F,markwilson@gmail.com,2018-09-28
amanda50,M,vlewis@gmail.com,1964-03-26
beckamy,F,danielwoodard@hotmail.com,1993-01-05
mckinneycynthia,M,jimjenkins@hotmail.com,1948-02-07
mullenrachel,F,rowlandjoanna@hotmail.com,1931-12-26
david81,F,paulandrews@yahoo.com,1948-01-03
hollandjoshua,F,alanlewis@yahoo.com,2014-04-29
jefferybrown,F,hsmith@hotmail.com,1944-07-29
obrienjennifer,F,awallace@yahoo.com,1908-11-22
qjohnson,F,julieroth@yahoo.com,1989-11-18
nathaniel63,F,mejiashawn@gmail.com,1940-07-25
brownmark,M,alvarezmichele@hotmail.com,1987-03-10
guerreropamela,M,jamie20@gmail.com,1936-01-24
umitchell,F,molinawilliam@gmail.com,1964-07-13
thomasbrowning,F,ahoward@gmail.com,1961-09-27
johnortiz,M,kellypaul@yahoo.com,1924-10-26
allenadam,F,vasquezkaitlin@hotmail.com,1999-04-30
johnferguson,F,connor04@yahoo.com,2010-09-30
samantha97,M,williamslance@hotmail.com,1969-02-21
joseph75,F,cynthiaclarke@hotmail.com,2021-12-21
laurenmurray,F,rroberts@hotmail.com,1907-05-28
hannahlucas,F,blackwellkaren@hotmail.com,1913-01-07
lopezjonathan,M,jweber@yahoo.com,1968-12-04
jessicarodgers,M,kara58@hotmail.com,1982-12-24
ypatterson,M,wwagner@hotmail.com,1953-08-02
rhall,M,owilliams@yahoo.com,1955-04-14
fpeterson,F,robert89@yahoo.com,1951-04-04
dodsonrodney,F,gonzalezrobin@hotmail.com,1938-08-28
maria90,M,colepineda@hotmail.com,1958-04-01
smithkristy,M,ryanolsen@gmail.com,1931-11-06
andrew41,M,wagnermegan@hotmail.com,1942-02-18
jessica12,F,zhuff@gmail.com,1969-07-06
erivas,M,rhansen@gmail.com,1984-06-04
ryan42,F,edwin74@gmail.com,1965-09-01
kaylee62,F,huntmarissa@hotmail.com,1967-07-07
angela72,F,wallangela@gmail.com,2011-03-22
xwilson,F,danielleschneider@gmail.com,1976-11-16
marydiaz,F,ijones@hotmail.com,1946-10-27
marieparsons,M,mark09@gmail.com,1936-08-09
caitlynfisher,F,reesedonald@gmail.com,1908-05-17
harristimothy,F,brandon72@hotmail.com,1947-06-05
christopherli,M,thomassmith@hotmail.com,1949-10-30
